"bias_type","k_scenario","true_effect","true_tau","n_sims","naive_bias","naive_rmse","naive_mae","tf_bias","tf_rmse","tf_mae","tf_convergence","pp_bias","pp_rmse","pp_mae","pp_convergence","pp_pct_peese","pp_pct_negative_intercept","copas_bias","copas_rmse","copas_mae","copas_convergence","naive_tau2_bias","tf_tau2_bias","pp_tau2_bias","copas_tau2_bias","naive_pi_width","tf_pi_width","pp_pi_width","copas_pi_width","naive_coverage","naive_coverage_se","tf_coverage","tf_coverage_se","pp_coverage","pp_coverage_se","copas_coverage","copas_coverage_se"
"continuous",10,0.3,0.1,96,0.0614665010610485,0.106744920240505,0.0861071580181462,0.0573012304398783,0.105779051689526,0.0851012181570382,1,0.0612660093191103,1.53114241487446,1.21422053825008,1,0.0416666666666667,0.4375,0.0256013846280285,0.147598103255535,0.121631449031669,0.854166666666667,0.00518575621843789,0.00705290856423953,0.00681492671313912,0.0019219129831621,0.827546928856559,0.831179375499692,11.4247439735945,0.958438817826847,0.96875,0.017758049084617,0.989583333333333,0.0103622711686747,0.979166666666667,0.0145771316178357,0.854166666666667,0.0389755977788952
"continuous",10,0.3,0.3,99,0.0944611925969989,0.178734865849161,0.14347019463708,0.0791772079064246,0.183004196462975,0.143745765188879,1,-0.416626926918894,2.39075234657717,2.001603992734,1,0.202020202020202,0.515151515151515,0.0405612508971726,0.307489737558308,0.240111275107039,0.868686868686869,0.0141917733007465,0.0223912076466449,0.00110430491363212,-0.000901580844003553,1.81242872260375,1.82919199328427,13.8095567480874,1.95511009348542,0.94949494949495,0.0220087885059658,0.94949494949495,0.0220087885059658,0.94949494949495,0.0220087885059658,0.808080808080808,0.0424656106684582
"continuous",10,0.3,0.5,100,0.048611716049714,0.251090885539002,0.207393704556375,0.0338891535523857,0.250995354745076,0.206614753877016,1,-1.33227972895219,3.99138959507574,3.09157589992375,1,0.14,0.63,-0.0871332703089607,0.431964286944897,0.337075839797005,0.91,0.038001417316686,0.0463914727193952,0.0197636926639786,0.00247495873468937,3.36033460156228,3.36965264306458,23.6942970848028,3.55344978976642,1,0,1,0,0.94,0.0237486841740758,0.89,0.0327997587769205
"continuous",10,0.5,0.1,100,0.0424262264113891,0.099057085526271,0.0768731266036359,0.0360725929118314,0.0959945940521244,0.0769611400929842,1,-0.257713546333404,1.62188043200556,1.28443091203286,1,0.04,0.43,-0.0942464191531694,0.971818068502584,0.191727942100755,0.86,0.00491109961359428,0.00754937641133807,0.00606858075097759,0.0270532407416648,0.702673021962492,0.707868242346844,9.36278168449451,1.67706957055716,0.98,0.014,0.98,0.014,0.99,0.0099498743710662,0.76,0.0460535583050663
"continuous",10,0.5,0.3,100,0.0951965730246044,0.165893851068972,0.130649308932311,0.0776063322383567,0.169521100933405,0.131698161155102,1,-0.869920914489357,2.35446284156939,1.905559417277,1,0.12,0.61,0.0526054464346659,0.24084961828916,0.188113423620873,0.87,-0.0108897066324899,-0.00263622722667933,-0.0173856398555698,-0.0156581504022239,1.4705040677461,1.49032488997133,11.2415206450704,1.61299590531439,0.98,0.014,0.97,0.017058722109232,0.94,0.0237486841740758,0.79,0.0436680266525079
"continuous",10,0.5,0.5,100,0.110587776704347,0.222581866945565,0.185603205356574,0.0853480911482452,0.222622681008715,0.184706579543315,1,-1.9202880255241,3.76568027860885,3.02107220147495,1,0.2,0.79,-0.0495929071276037,0.39919330088729,0.318276178296653,0.92,0.00196509200028751,0.0116408717914156,-0.0492828622175865,-0.00260180234246256,2.76129537730531,2.76844370644415,14.2775771609084,2.95484929633806,0.99,0.0099498743710662,0.99,0.0099498743710662,0.9,0.03,0.87,0.0350620567863176
"continuous",10,0.8,0.1,100,0.0207393018645304,0.0840119628592218,0.0683618734477205,0.0164146854146952,0.0837366117080541,0.0696076090477029,1,-0.375797392948191,1.19256966264601,0.946870470008127,1,0.04,0.33,0.0196196428767853,0.0895593281536725,0.071127361684461,0.87,0.00355320354493517,0.00553543565891892,0.00440465361604471,0.000407195970966285,0.593669098636517,0.615712423012784,6.64106308443217,0.789211781465312,0.99,0.0099498743710662,1,0,0.98,0.014,0.13,0.0360555127546399
"continuous",10,0.8,0.3,100,0.031238343371017,0.117243682458577,0.0989401920046637,0.0226957222382468,0.119260852461672,0.100428688441283,1,-1.3074376819122,2.19887225235488,1.77914562178045,1,0.1,0.59,-0.0196927442641134,0.205472935711599,0.136689038234703,0.89,-0.0180623210760882,-0.0148352032973833,-0.0282844941135206,-0.000626277285055452,1.29269218750926,1.30802495420829,8.95635902469246,1.97482126494376,0.99,0.0099498743710662,0.98,0.014,0.88,0.0324961536185438,0.58,0.0523170971259434
"continuous",10,0.8,0.5,100,0.0918056465827277,0.188830938155088,0.155646397618508,0.0630186982943642,0.182086674764541,0.150467190371608,1,-2.38863889521468,3.05291590060366,2.53659215416765,1,0.25,0.84,0.0130246447199813,0.329286382526277,0.225245909742232,0.91,-0.0465766034560217,-0.0352623588088518,-0.0953106436079371,-0.0346632622102308,2.21211823159011,2.23155426912286,10.8677886648027,2.96990033551462,0.98,0.014,0.98,0.014,0.83,0.0375632799419859,0.7,0.0480384461415261
"continuous",20,0.3,0.1,100,0.068879715562817,0.0963715010963134,0.0800655845258185,0.0638889467978145,0.0948828096688954,0.0780439547334179,1,-0.0549534914214479,1.1685838304591,0.90020291892441,1,0.06,0.39,0.0543842802560988,0.128172406391836,0.103570619982607,1,0.00168560707441879,0.00371609714544613,0.00159160886535056,-0.00104730237529023,0.48181248504908,0.507872358733114,4.996868370965,0.57323443713117,0.88,0.0324961536185438,0.87,0.0336303434416005,0.97,0.017058722109232,0.91,0.0286181760425084
"continuous",20,0.3,0.3,100,0.0699080873166953,0.131140091979761,0.106174937320078,0.0454408071048233,0.13190433981496,0.106625536751943,1,-0.770718363583541,1.79108870489276,1.46439219326061,1,0.08,0.63,-0.0115799011995133,0.191510191288985,0.151434748957551,1,0.0172988702431134,0.02724395833502,0.0144927850683783,0.00699134890972384,1.44514058087896,1.50089105485919,7.7611019241938,1.51474107060606,0.98,0.014,0.98,0.014,0.95,0.0217944947177034,0.97,0.017058722109232
"continuous",20,0.3,0.5,100,0.0833144911512881,0.183163776385074,0.146018654991454,0.0457453513248922,0.172925217815686,0.138378118034281,1,-1.51723001321272,2.7829342653255,2.4619229859575,1,0.16,0.74,-0.060806891666763,0.264650781417105,0.224006309087896,1,0.0524077366295349,0.0788961984888824,0.026045705327993,0.0358527447578709,2.43553989907565,2.51790631314152,10.1449429839131,2.54088978785184,1,0,1,0,0.95,0.0217944947177034,0.99,0.0099498743710662
"continuous",20,0.5,0.1,100,0.0525199577125473,0.0742969948299831,0.0608185428961756,0.0497139426702775,0.0735007419145186,0.0590728337999934,1,-0.118419363513564,0.83073799501612,0.665213602576592,1,0.04,0.32,0.0290428346567691,0.0802572919770962,0.0666892886316131,0.99,0.000536820980288489,0.00191934166453658,0.000995045409563934,0.00225627449369929,0.448667880302646,0.467930406188339,4.33873284843722,0.579221779088017,0.95,0.0217944947177034,0.95,0.0217944947177034,0.97,0.017058722109232,0.94,0.0238683256575942
"continuous",20,0.5,0.3,100,0.0759933697505564,0.119626163784828,0.0927011708704937,0.05752471481907,0.114256703740263,0.0883367127431389,1,-0.94995932130792,1.62091779358159,1.36193982769358,1,0.1,0.68,0.0351228246429142,0.153687157276897,0.123804001289709,1,-0.0106529844992602,-0.00186524751740877,-0.0185622476714334,-0.00939571744451674,1.21630511018826,1.26774329903288,5.92013442087169,1.33618997398411,0.99,0.0099498743710662,0.99,0.0099498743710662,0.92,0.0271293199325011,0.99,0.0099498743710662
"continuous",20,0.5,0.5,100,0.0753371039171494,0.181587237936642,0.146045579063434,0.0400585175431528,0.179347067147629,0.143433688160374,1,-1.6119292209589,2.59260281900045,2.2241474112541,1,0.28,0.78,-0.0599835682702955,0.275933399051246,0.218853569060088,1,0.0112168509736207,0.0303811051716455,-0.0307594579037217,0.0170575151445513,2.23583205739803,2.29675585081106,8.16825179525958,2.43331204785946,1,0,1,0,0.75,0.0433012701892219,1,0
"continuous",20,0.8,0.1,100,0.0184339710451178,0.0593965602751118,0.0488816941892145,0.0155848705421067,0.0671654816274675,0.0537837126859244,1,-0.325857721291878,0.762617280393761,0.594138605874277,1,0.09,0.23,0.0122015723554789,0.0627658027572813,0.0537990178876046,0.9,0.00116814941052022,0.00406885650701514,0.00168764345935602,0.00167365344389188,0.447341449654565,0.494419062159603,3.76311276141432,0.570055782067944,0.99,0.0099498743710662,0.99,0.0099498743710662,0.97,0.017058722109232,0.45,0.0524404424085076
"continuous",20,0.8,0.3,100,0.0489839219555619,0.102275876850242,0.0825366506218132,0.0390011646641032,0.103393892736895,0.0845348719008107,1,-1.31814334451276,1.6675108861922,1.47752074976334,1,0.11,0.76,-0.00944819004592341,0.211326937710783,0.109145340813606,0.99,-0.0245817229999753,-0.0191160388586534,-0.0342809431075939,-0.00430193993265496,1.10360043346361,1.14000002634901,4.97045089651826,1.4782514710466,1,0,1,0,0.79,0.0407308237088326,0.84,0.0368452949177471
"continuous",20,0.8,0.5,100,0.0760821626459664,0.154152360441497,0.130161311259896,0.0518174352793513,0.155330207636206,0.131921653503742,1,-2.27555903007816,2.48765877573914,2.31983012181296,1,0.39,0.96,0.0225878198184842,0.206976490763739,0.164299783759725,1,-0.0356883699412002,-0.0234170711434538,-0.103052268412413,-0.0249976179106987,1.99963075277668,2.04680404912681,5.69792640900777,2.17078262158005,1,0,1,0,0.54,0.0498397431775085,0.98,0.014
"continuous",50,0.3,0.1,100,0.0534424821182805,0.0678085145174196,0.0587412859611268,0.0341144209871422,0.0634902171843782,0.0510321231013717,1,-0.125717923203262,0.617271870676835,0.514346651151386,1,0.05,0.41,0.023561265244294,0.0760881060891817,0.0580735743229411,1,0.00522922035668819,0.0104882256495534,0.0050551527482275,0.00438741654127991,0.482117857699227,0.557393439239018,2.75790735479406,0.52913817622675,0.92,0.0271293199325011,0.94,0.0237486841740758,0.94,0.0237486841740758,0.96,0.0195959179422654
"continuous",50,0.3,0.3,100,0.0699351696558957,0.0970796181331295,0.0789679507781544,0.0125987643020379,0.0815814379857943,0.0663395916632695,1,-0.758306061700111,1.06189252008253,0.892331856101594,1,0.1,0.71,-0.00291982126827465,0.100411616360377,0.078735026945174,1,0.0133253657932012,0.0384240964570519,0.0105034802921071,0.0119313453384671,1.31575058865139,1.45195266308911,4.26112804483105,1.35508814757429,1,0,1,0,0.9,0.03,1,0
"continuous",50,0.3,0.5,100,0.0802519954434393,0.121755190646042,0.0995508930310226,0.00976920711050472,0.101557966981048,0.0829760313855712,1,-1.40014095322702,1.72899699731806,1.54133947909817,1,0.27,0.86,-0.0694355880473028,0.16860686947471,0.132550016953344,1,0.0478867764701176,0.0949788875206515,0.029344085397761,0.0431359112210029,2.2333434588361,2.38828251262413,5.57761202482879,2.27994822530221,1,0,1,0,0.86,0.0346987031457949,1,0
"continuous",50,0.5,0.1,100,0.0423406327596043,0.0542855862622936,0.0465048393160801,0.0350221792322812,0.0621947657997989,0.0510564860648726,1,-0.244704649071114,0.577294073666199,0.449605707549103,1,0.06,0.28,0.0241682941737499,0.0614875495978528,0.0505020381732607,1,-0.00338872945783527,0.00203100498660425,-0.00341470225505044,-0.00160501366458656,0.31786079803349,0.406851624222439,2.28283719011343,0.394200453049573,0.92,0.0271293199325011,0.91,0.0286181760425084,0.93,0.0255147016443461,0.94,0.0237486841740758
"continuous",50,0.5,0.3,100,0.0763031358342066,0.090749081680663,0.078794039866635,0.0279541884594029,0.0777816789398163,0.0648917551881231,1,-0.904296203539415,1.1165378663145,0.985195055273027,1,0.12,0.74,0.0210468914079229,0.096292815155066,0.0757136566689406,1,-0.0128724467512507,0.00753183834328661,-0.0188100621157381,-0.00307665849346614,1.12496067897343,1.24882670796309,3.46073039877293,1.23147177068669,1,0,1,0,0.8,0.04,1,0
"continuous",50,0.5,0.5,100,0.0918446101946147,0.128243258847778,0.110501665997948,0.00319515130464522,0.11971500131496,0.0974839496650454,1,-1.68450728492921,1.83350885132804,1.74015352712278,1,0.47,0.94,-0.0431060281408158,0.177865333479761,0.139506416196021,1,0.00369577824864204,0.0579690745619037,-0.033548473242386,0.0278008748240585,2.04632476549708,2.23818477350756,4.31205412802332,2.20668771005341,1,0,1,0,0.59,0.0491833305094318,1,0
"continuous",50,0.8,0.1,100,0.0162739411618174,0.0396400914283243,0.0323108575155295,0.0103850279284629,0.0521966861764533,0.0426228860056032,1,-0.304992025460123,0.586251849472963,0.454912717839153,1,0.2,0.18,0.0103366372428859,0.042200180503028,0.0342433743758706,0.99,-0.00301012537341334,0.00185229831836434,-0.00337716878722074,-0.00144435205572983,0.322711169683261,0.410445218487686,1.99603058708748,0.382766444822682,0.95,0.0217944947177034,0.97,0.017058722109232,0.9,0.03,0.61,0.0490207130000197
"continuous",50,0.8,0.3,100,0.0419849766206029,0.0619368124982509,0.050648607351508,0.00783668358990304,0.0686885683245815,0.0576201811636114,1,-1.33573546711558,1.4425848854923,1.34363137555186,1,0.24,0.86,0.0160639722308763,0.0777625218977881,0.0630458601592384,1,-0.0140822544198833,0.00105317607644829,-0.0283907627307407,-0.00434012343157812,1.11189868029058,1.20738413589191,2.82502339040123,1.19749222949176,1,0,1,0,0.44,0.0496386945839634,0.98,0.014
"continuous",50,0.8,0.5,100,0.0677596656171781,0.100297484829127,0.0801903359886951,-0.00350377844318301,0.118532851148444,0.0974905621819304,1,-1.83121905214974,1.87794924124959,1.83121905214974,1,0.75,1,-0.0172424877655429,0.144333635508233,0.114978852126035,1,-0.0252832423671467,0.0193840583386739,-0.0887296589653292,0.0106116956712818,1.92259851394595,2.08606193512465,2.91550496043733,2.11721494429547,1,0,1,0,0.13,0.0336303434416005,1,0
"none",10,0.3,0.1,100,-0.00383477448131758,0.0716952803717541,0.0584040023593914,-0.00581735118926601,0.0807844082238227,0.0664633877436381,1,-0.145631840565509,1.22639678583056,0.981743027230494,1,0.06,0.41,0.0162333454521385,0.119636838235598,0.093567344876428,0.99,0.00434781598513631,0.00738048583977475,0.00427085417390053,0.00169310518424593,0.578581560762618,0.614954914136272,5.84837974953103,0.708576075429417,0.99,0.0099498743710662,0.98,0.014,0.99,0.0099498743710662,0.96,0.0196946385566932
"none",10,0.3,0.3,100,0.000357774306877998,0.118858618694393,0.0933791787973687,-0.00625007856281586,0.126864628493661,0.100573323897893,1,-0.816465313457573,1.86506169419886,1.52983510125407,1,0.07,0.61,0.00318007317734078,0.204248188416402,0.165779140193683,1,0.0155807058272373,0.0222058428743246,0.0165643222012762,-0.000709359361499744,1.50278903305668,1.5310155962524,9.16499671408349,1.54353936914035,1,0,1,0,0.94,0.0237486841740758,0.99,0.0099498743710662
"none",10,0.3,0.5,100,-0.0108930933573581,0.18233957943508,0.14968664782723,-0.0309264874476005,0.190956345849666,0.161870702838515,1,-1.06405184504346,2.31190206766905,1.87448805578557,1,0.12,0.67,-0.0111741104996842,0.297429425746404,0.244252851436211,1,-0.0265489904810687,-0.0146312932615339,-0.0418152023155406,-0.0592827886210381,2.21162925329667,2.25412121028142,11.4396381782691,2.2297137413494,1,0,1,0,0.94,0.0237486841740758,0.98,0.014
"none",10,0.5,0.1,100,0.00272139529039182,0.0798490827202741,0.0624556334503491,0.00138713846980617,0.080311506509435,0.0632215814342405,1,-0.0810635524773293,1.00862137146252,0.829405258023352,1,0.03,0.36,0.00203800727358802,0.103295262722105,0.0815350031690885,0.94,0.00300005878459992,0.00363530290115511,0.00431753914868245,-0.000653138268323882,0.549975675800634,0.556659265215098,5.86092404571301,0.627012059167633,0.98,0.014,0.97,0.017058722109232,0.99,0.0099498743710662,0.88,0.0335172232638557
"none",10,0.5,0.3,100,-0.00689200690732224,0.112630778265937,0.092482083026769,-0.017454802891621,0.115869484587551,0.0965960442793551,1,-0.996470083014996,1.94397816455293,1.6022997868876,1,0.05,0.62,-0.013922804830048,0.189266452720072,0.142954564983067,0.99,0.0115653719827343,0.0163610028321153,0.0105210176334226,-0.000682862518884112,1.48358171774438,1.50436496528835,8.9932245255311,1.56394670154399,1,0,1,0,0.95,0.0217944947177034,0.99,0.01
"none",10,0.5,0.5,100,-0.0113030367216108,0.165097651328756,0.132836601462953,-0.0295538344150506,0.16957052331947,0.140448221517402,1,-2.07376989794987,2.82410902209916,2.46457276041938,1,0.18,0.82,-0.0379222040132633,0.260522072761012,0.197596425930272,1,0.00304224536428046,0.0138481121378507,-0.0366038781968818,-0.0221620950379418,2.3424574364269,2.37865477268174,10.2309078812908,2.43556529143119,1,0,1,0,0.89,0.031288975694324,1,0
"none",10,0.8,0.1,100,-0.00692289038796087,0.0692596874103019,0.0543602026324964,-0.0105339195040379,0.0798955030317797,0.0615193126417359,1,-0.28248996720582,1.11143448483219,0.850940730509406,1,0.04,0.24,-0.0107753232160794,0.0792526684605767,0.060870921899225,0.83,0.00285031572681944,0.00451712219629404,0.00326313172310616,-0.000128372207795301,0.549914103931024,0.570398970775972,5.71427083492726,0.721604029096221,0.98,0.014,0.96,0.0195959179422654,0.98,0.014,0.28,0.049284030503304
"none",10,0.8,0.3,100,-0.0155323223456613,0.114278037956397,0.0898525419316448,-0.0283180359397587,0.121098664922335,0.0941018270669273,1,-1.2779506505986,2.04239798514523,1.72202853120664,1,0.09,0.65,-0.0525453667277842,0.256235043604469,0.1544873854548,0.94,0.00726183618579273,0.013785184894025,-0.000425470510519988,0.0111500424640436,1.44217409048806,1.47794676277881,8.48440497550505,1.82429627460638,0.98,0.014,0.98,0.014,0.92,0.0271293199325011,0.84,0.0378125274749329
"none",10,0.8,0.5,100,-0.0150854788380134,0.179769589691238,0.146902254578282,-0.0333096856702929,0.181122415571369,0.146158216810221,1,-2.81165693881504,3.19691062266121,2.84478569383675,1,0.41,0.93,-0.0362849332155311,0.225843144202201,0.176308253543331,0.99,-0.00610468136063045,0.00617900921030724,-0.0870825185511891,-0.0216634987098459,2.3127524893439,2.35089502646063,8.31069212393081,2.46454973506798,0.99,0.0099498743710662,0.99,0.0099498743710662,0.61,0.0487749935930288,0.92,0.0272659924344291
"none",20,0.3,0.1,100,-0.00131989848190353,0.0556753195329726,0.0435677733789065,-0.00405092977163715,0.0641733346203038,0.0506585826839266,1,-0.05888979539745,0.861426370581414,0.703915659800088,1,0.11,0.38,-0.000959107968521206,0.0800679314275112,0.0634141766824546,1,0.0020628196294087,0.00631179392149662,0.0012069099406769,0.000213312090044677,0.45920174872811,0.520343413855544,3.42904921008763,0.51416752620461,0.98,0.014,0.98,0.014,0.9,0.03,0.97,0.017058722109232
"none",20,0.3,0.3,100,0.00115749960318356,0.080213725534065,0.0623348699830635,-0.0103709100739957,0.0889242579080756,0.0658688946674641,1,-0.593881314950118,1.25412679945491,1.02956338086493,1,0.09,0.59,-0.0141628551111954,0.135637378655028,0.107355672124862,1,-0.00185844989632243,0.00650641261798622,-0.00376345533696178,-0.00802337637512794,1.25130849039262,1.30212769941979,5.37404256573191,1.28395611552487,1,0,1,0,0.92,0.0271293199325011,1,0
"none",20,0.3,0.5,100,-0.0353262960372197,0.1277328078246,0.10146574621588,-0.0466822413429685,0.127671021723864,0.102236830219107,1,-1.13356124410863,1.83591411565745,1.57316203579548,1,0.14,0.73,-0.0338975026269738,0.203181560886044,0.15674310203144,1,-0.0265269481801173,-0.0186901082364573,-0.0359997315328153,-0.0389739884940243,2.00405364785126,2.0312693926771,7.17557552169997,2.04220061941414,1,0,1,0,0.9,0.03,0.99,0.0099498743710662
"none",20,0.5,0.1,100,0.0073493618821359,0.0522338541760899,0.0401037870191738,0.00562259226688928,0.05837510985496,0.0460953261923175,1,-0.272178674926158,0.813170554887113,0.664288210484698,1,0.07,0.4,-0.00518681408261098,0.0768733816666903,0.0618813287279677,1,0.00484885636667147,0.00681961429153188,0.00496178707396198,0.00494359061352675,0.497967081192042,0.527944807084715,3.63165215418242,0.570892647210943,0.99,0.0099498743710662,1,0,0.96,0.0195959179422654,1,0
"none",20,0.5,0.3,100,-0.0123775982025099,0.0813014292225853,0.0637307736179663,-0.0306533247977604,0.0965212506006779,0.0736214410962438,1,-1.11020616123315,1.49026276024923,1.2751342574869,1,0.16,0.75,-0.0199901498923856,0.110747462525289,0.0890848523314745,1,-0.00408855660990461,0.00461018056469211,-0.0121136052308668,-0.00797673438496679,1.24171442223366,1.29159678342616,4.88871983645484,1.2825671781993,1,0,1,0,0.81,0.0392300904918661,1,0
"none",20,0.5,0.5,100,0.00671864788927295,0.114241246429451,0.0910588910297212,-0.00909430383816937,0.119132384767463,0.0947245701849315,1,-1.82435520786627,2.20703129073289,1.96224698988285,1,0.23,0.83,0.00496288558153148,0.1973923981466,0.161716350579364,1,-0.00851315147997006,-0.000319947764761953,-0.036648195251604,-0.0245665738258998,2.08869243868229,2.11842746163895,6.68007659636548,2.11390194223119,1,0,1,0,0.77,0.0420832508250016,1,0
"none",20,0.8,0.1,100,-0.000291952865352513,0.0570171499233492,0.0442861165683805,-0.00204987321447028,0.0681330324646115,0.0526545151679792,1,-0.148195685533428,0.706459580244712,0.579444156840092,1,0.14,0.21,-0.0157105635828908,0.0769348090811286,0.0547226106432585,0.88,0.0026853523840444,0.00759993275567549,0.00297664057068953,0.0046005214232078,0.466997464892784,0.532394042456888,3.42163281814522,0.536735549499897,0.98,0.014,0.96,0.0195959179422654,0.97,0.017058722109232,0.55,0.0530330085889911
"none",20,0.8,0.3,100,-0.010687369248424,0.0813363874062572,0.0659234948264791,-0.0316950295240401,0.0965505066933839,0.0782946415527627,1,-1.41666714701211,1.75617973476761,1.51710749904306,1,0.12,0.71,-0.0366842563846015,0.137534451976793,0.0993646674560452,0.99,-0.00102697797485602,0.00816573591728312,-0.0130159657087267,0.00534342794075996,1.25390906918839,1.30556722118049,4.96992655538271,1.35572463961941,1,0,1,0,0.74,0.0438634243989226,0.97,0.0171446607997765
"none",20,0.8,0.5,100,-0.00575815505057799,0.115192387753797,0.0908119696388599,-0.0355051780892496,0.138532068459835,0.103171233940484,1,-2.39131269324959,2.50975642270911,2.39168634564793,1,0.56,0.98,-0.0491929005435851,0.203105439025341,0.15338256318151,1,-0.00180069787943475,0.0165173523838502,-0.0805642433982201,0.00280889126194131,2.11950660242634,2.18308317894213,4.79963494041339,2.22351450726567,1,0,1,0,0.38,0.0485386443980464,1,0
"none",50,0.3,0.1,100,-0.00128731175882952,0.0302848930568866,0.0244546999767583,-0.00305591691664662,0.048385052614301,0.0385632514645072,1,-0.0755559756654291,0.450984835694947,0.367773267922413,1,0.09,0.3,0.00090305797622545,0.051697949726945,0.0423200139732343,1,0.00112086356871769,0.00722591003620081,0.00103645009197574,0.000110738250982822,0.406543126772924,0.498684020479424,1.99825618512272,0.424538515929148,1,0,1,0,0.97,0.017058722109232,0.99,0.0099498743710662
"none",50,0.3,0.3,100,0.00353209416970631,0.0547071768057933,0.0457075731724809,-0.0231539785785305,0.0751446296103561,0.0601590859516635,1,-0.674960582018765,0.942889323470272,0.826163794383016,1,0.11,0.75,0.000893811273966871,0.0858159094000221,0.0694653402307923,1,0.00419672512145293,0.019243362597497,0.00151838826461313,0.00135386331221825,1.24085831010725,1.32884573796337,3.3061704117626,1.25172747884456,1,0,1,0,0.91,0.0286181760425084,1,0
"none",50,0.3,0.5,100,0.0101917674091018,0.0746160149314413,0.0577918254620123,-0.0292067711809443,0.0983799331013844,0.0795295717560817,1,-1.30836167515572,1.55255111756209,1.42303993214974,1,0.32,0.88,-0.00549842643839361,0.131467953746231,0.100162130782926,1,-0.00266077719752609,0.0230732560763914,-0.0216449709941587,-0.00900990882749799,2.00576381579495,2.10059198483287,4.18701168883131,2.02054135894181,1,0,1,0,0.77,0.0420832508250016,1,0
"none",50,0.5,0.1,100,-0.00431504272341567,0.0282588211441637,0.0229530750817448,-0.0156285499204553,0.0456342433519803,0.0356513658197385,1,-0.189988839599708,0.489515392923266,0.390811204298658,1,0.12,0.24,-0.0109785664440296,0.0463177427645856,0.03643944891485,1,0.000584779381089822,0.00649822371268977,0.000608777582140167,0.00077065471274195,0.39170346688701,0.484356452285437,2.00408776831492,0.421135356587789,0.99,0.0099498743710662,0.99,0.0099498743710662,0.96,0.0195959179422654,0.99,0.0099498743710662
"none",50,0.5,0.3,100,-0.000220577130224932,0.0476587251565644,0.0358737978410747,-0.0216819178864463,0.0706788947049772,0.0518926360325382,1,-1.06043891604997,1.20268589266005,1.11466444889794,1,0.19,0.87,-0.00846599048700948,0.0837449698051662,0.0682482453661859,1,-0.000529322196981707,0.0102101251180908,-0.00836442031035804,-0.00178566387442873,1.20657550900012,1.26911577650009,3.05839416899041,1.2254086549981,1,0,1,0,0.72,0.0448998886412873,1,0
"none",50,0.5,0.5,100,-0.00540491137221373,0.0790969711516299,0.0624267778664334,-0.0546715185549447,0.120230958162781,0.0925477120509604,1,-1.62366786175671,1.71598079991543,1.63188809701726,1,0.59,0.94,-0.0203273508621355,0.126806224504455,0.0997231995849724,1,0.00913046126049351,0.0435235219276689,-0.0316424179427626,0.00471665943861657,2.05689470104294,2.17890962807362,3.52921656958848,2.07929283031546,1,0,1,0,0.45,0.049749371855331,1,0
"none",50,0.8,0.1,100,-0.00151014543928125,0.0348485500741904,0.0271405318637625,-0.0123871898405857,0.060763485245147,0.047466985774122,1,-0.276140311393673,0.518580239754665,0.401170521365316,1,0.2,0.14,-0.00497353301090049,0.0376138648089432,0.0297778634942462,1,-8.94224898214686e-07,0.00773563492726525,-0.000180580110248552,0.000569526678496237,0.374237787727352,0.490994581755776,1.94500067766513,0.416542760322138,0.97,0.017058722109232,0.97,0.017058722109232,0.93,0.0255147016443461,0.8,0.04
"none",50,0.8,0.3,100,0.00137454363021255,0.0504234818172542,0.0405294533418425,-0.0452268078807608,0.0838039668442073,0.0666993276170003,1,-1.41816161991934,1.48626668073418,1.41816161991934,1,0.22,0.9,-0.0191129345829792,0.0742597293679029,0.0574266820995323,1,0.00107499486098056,0.021460719010355,-0.0123871390755504,0.00768253226111097,1.21721976021963,1.33869468100013,2.86834940924716,1.27540593590767,1,0,1,0,0.41,0.0491833305094318,1,0
"none",50,0.8,0.5,100,-0.00884009206770383,0.0788077970094082,0.0622112505448473,-0.0517097741743029,0.109105333711511,0.0840548108538273,1,-1.87036121559126,1.90148163914694,1.87036121559126,1,0.85,1,-0.0293071858014879,0.122572609468755,0.0936297660238335,1,-0.00381669298522904,0.0252111996146692,-0.0739275444777607,0.00100573190758106,2.00194937708234,2.10735873824623,2.66199501844981,2.05201027974593,1,0,1,0,0.05,0.0217944947177034,1,0
"step_mild",10,0.3,0.1,100,0.026593892137115,0.0846322311689573,0.0686337471025483,0.0277435927230225,0.0896640942452505,0.0720627301884039,1,0.191648397607272,1.69396597730978,1.20633069234189,1,0.04,0.34,-0.00177983238588444,0.129766975423943,0.108790591507886,0.96,0.00795641859552761,0.00953793283214252,0.0112770109155924,0.00217957669801939,0.812360037916532,0.829711131229756,11.8535133504168,0.879675657644512,1,0,0.99,0.0099498743710662,1,0,0.95,0.0222439130250652
"step_mild",10,0.3,0.3,100,0.0318014252800742,0.145852025274633,0.111125191272005,0.0221560093875413,0.149346079938149,0.112945337672705,1,-0.700617120085488,2.54321238635065,2.02176536697317,1,0.09,0.66,-0.0282980547813366,0.243714246603605,0.190846201032615,0.97,0.0218661917400824,0.0272762068559279,0.0183030394067544,0.00291537769949038,1.69996513951166,1.72070876687706,11.6367335171962,1.78809543200442,0.99,0.0099498743710662,0.99,0.0099498743710662,0.97,0.017058722109232,0.95,0.022128956632645
"step_mild",10,0.3,0.5,100,0.0301367482353083,0.204513115706529,0.166973395757906,0.0137483198072676,0.200075104861792,0.162480498171206,1,-1.31321848792172,3.17534339980735,2.53296692215519,1,0.15,0.68,-0.0238359844002952,0.349495204927032,0.281393353905193,0.98,0.0270778832750275,0.0406819841379863,0.016681838068425,-0.0149545327378858,2.74351978929125,2.76040849810662,16.9065784872038,2.7741558106224,1,0,1,0,0.95,0.0217944947177034,0.95,0.0220157642963178
"step_mild",10,0.5,0.1,100,0.0173656773170829,0.0655031083969261,0.0514314077011747,0.0126173444253982,0.0664995817880895,0.0522388664472189,1,-0.333584386917949,1.31095729058877,1.03943649193708,1,0.05,0.41,-0.0238834538582909,0.115934014548849,0.0861934226078323,0.95,0.00399776284539729,0.00532920593691577,0.0042637973133056,0.00363290660524191,0.604789728463577,0.611935166001071,7.12275727230266,0.819559022369403,1,0,1,0,0.97,0.017058722109232,0.89,0.032101811721295
"step_mild",10,0.5,0.3,100,0.0264082732909033,0.125980997606073,0.0985384732362517,0.0150470244841251,0.129929548939722,0.102069431228862,1,-0.888708630447621,2.39264471031581,1.78843199449337,1,0.11,0.64,-0.0247560967909518,0.194646374596654,0.16023260209056,0.96,-0.00820483828120852,-0.0020726814193794,-0.0144280194173502,-0.0147633101574449,1.3935125438786,1.42191709689637,10.5289215773408,1.55771806907842,1,0,1,0,0.94,0.0237486841740758,0.94,0.0242383992870817
"step_mild",10,0.5,0.5,100,0.0374505046340586,0.155787192171066,0.124110674711793,0.0151463368738188,0.158495969032985,0.125825284598928,1,-1.95889997462526,3.51187848088843,2.95292422408389,1,0.22,0.78,-0.16958699678594,0.957552537820252,0.319378771425273,1,0.00977070778550729,0.0195188871126314,-0.0410038001455428,0.0355597551274902,2.52258360545478,2.5447322441538,13.4132967753453,5.56484809815953,1,0,1,0,0.89,0.031288975694324,1,0
"step_mild",10,0.8,0.1,100,-0.00865019080549331,0.0808071842394934,0.0634228407537975,-0.0145270973461612,0.0868061390035228,0.0701265973606091,1,-0.373107987637717,1.25611673467674,1.03395055806728,1,0.07,0.37,-0.0051595162536174,0.090596673392184,0.0692541719855105,0.76,0.002392324328874,0.00458539304936179,0.00237037628783931,-0.00265694445581548,0.587554742516803,0.612878891682559,6.25815621451803,0.663517503121663,0.98,0.014,0.98,0.014,0.97,0.017058722109232,0.17,0.0430880371723802
"step_mild",10,0.8,0.3,100,0.00325828105238303,0.139363036692541,0.114743144956419,-0.00668706657509563,0.151037195992913,0.118980726823308,1,-1.21119093412119,2.2063716976847,1.82070000328852,1,0.13,0.65,-0.0772178398616212,0.388285836440474,0.180662704770428,0.9,-0.00826026590962388,-0.00376988984306809,-0.0209811876409928,0.0155372531982157,1.39078634599762,1.41207135278635,9.09799920690417,3.01721619957817,1,0,1,0,0.87,0.0336303434416005,0.71,0.0478307200215278
"step_mild",10,0.8,0.5,100,0.0586076540313056,0.171807658241216,0.131559797134133,0.0288903489318347,0.190574294591816,0.144196849980332,1,-2.51399113088189,3.24490924359994,2.7779149767779,1,0.24,0.83,0.0276983480814712,0.253205308582128,0.195169219819664,0.94,-0.00877870328533842,0.00637224026496539,-0.0765496556873685,-0.0282207608243999,2.41883070822545,2.45866860242632,10.7678971780305,2.56182706501973,0.98,0.014,0.98,0.014,0.82,0.0384187454245971,0.86,0.0357889796421997
"step_mild",20,0.3,0.1,100,0.0277426121290584,0.0666443637376821,0.0544165812108979,0.0243183465549315,0.0689664016471432,0.0552982008252372,1,-0.033803331697352,0.959893236258832,0.750649156035886,1,0.08,0.35,0.0203592659777639,0.108131644059898,0.0881359583083493,1,0.00735506258743703,0.00981130434051125,0.00723889367587578,0.00354584131111399,0.566865961037375,0.598525565504791,4.47544733426447,0.621467809986987,0.99,0.0099498743710662,0.98,0.014,0.95,0.0217944947177034,0.96,0.0195959179422654
"step_mild",20,0.3,0.3,100,0.0307645055454585,0.103488625755616,0.0869122852527003,0.018575519943409,0.104365440072131,0.0879164140297929,1,-0.559738798614698,1.50672435706846,1.23011036285464,1,0.08,0.6,-0.00183625810450956,0.156503277821924,0.124417428778438,1,0.0126019634175125,0.0179898296103137,0.0108370195515172,0.00261988197677952,1.38818520955426,1.41904886593695,6.61926619964968,1.42383232076929,1,0,1,0,0.96,0.0195959179422654,0.99,0.0099498743710662
"step_mild",20,0.3,0.5,100,0.0225737454075941,0.128515225486622,0.101093468451143,-0.0091204425725938,0.141921484683554,0.111272609078274,1,-1.27456749195357,2.3327761892977,2.00877077284537,1,0.16,0.76,-0.0764041821769662,0.239116936335546,0.184000355101941,1,0.0158940854924004,0.034840618455275,-0.00468568667886554,-0.00590091050304001,2.23451770988437,2.29537554390727,8.71243453221916,2.27145138872587,1,0,1,0,0.95,0.0217944947177034,1,0
"step_mild",20,0.5,0.1,100,0.00624308555362193,0.0491198545065926,0.0386044163695493,0.00136915646204651,0.0547764960842573,0.0399742269628138,1,-0.282676485654928,0.920018155486129,0.738117064896786,1,0.05,0.39,-0.00796649050841559,0.0805460723811162,0.060967469545957,1,0.001328108739602,0.00379195514561111,0.000749832408950851,0.000763105047087789,0.450139126798996,0.489182426014535,4.06278391275836,0.536054684749801,0.98,0.014,0.98,0.014,0.94,0.0237486841740758,0.98,0.014
"step_mild",20,0.5,0.3,100,0.0155571062650369,0.0889031517211614,0.0681009094505165,0.000821101273832151,0.0957095456751406,0.072970239387333,1,-0.9886750999572,1.4969377655265,1.23963923108197,1,0.12,0.66,-0.0178836523252842,0.155189919328377,0.115356603138818,1,-0.00517394077107205,0.000662142239084061,-0.010608663868455,-0.00787082244499683,1.24134084191657,1.27661447195197,5.54792398912689,1.31547554510309,1,0,1,0,0.84,0.0366606055596467,0.99,0.0099498743710662
"step_mild",20,0.5,0.5,100,0.0553398298815709,0.145255633622257,0.112105300099099,0.0173918186301975,0.152683759520757,0.115835414572989,1,-2.27918908742676,2.64055137520938,2.37257338673688,1,0.19,0.9,-0.0318221170237519,0.25931501324383,0.203303084352358,1,-0.00811276710752812,0.0153557305164579,-0.0413576401517273,-0.00922500565569001,2.1247286142675,2.20171856790424,7.74379067755434,2.25334073652003,1,0,1,0,0.81,0.0392300904918661,1,0
"step_mild",20,0.8,0.1,100,0.00356093353224359,0.0549250080047092,0.0434079581313006,0.000221598677365275,0.0641789334907434,0.0504504937873857,1,-0.342967133692019,0.851718304307375,0.685759404138249,1,0.08,0.31,-0.00208535074581259,0.065348032737359,0.0513464840000251,0.94,0.00104084244582587,0.00323138928369072,0.0012871239770981,0.00104963939189164,0.438065947813324,0.469512169248729,3.72652871087939,0.585977365864564,0.97,0.017058722109232,0.96,0.0195959179422654,0.96,0.0195959179422654,0.45,0.0513125591196176
"step_mild",20,0.8,0.3,100,0.00638572787557688,0.0887819613897134,0.0719080698581563,-0.0132585674198226,0.0993034761420959,0.0789463809112378,1,-1.39605380547985,1.69705443649121,1.47699134142516,1,0.14,0.71,-0.026969130242087,0.205911150923359,0.115888890256644,0.98,-0.00922545976952692,-7.15915826910329e-05,-0.02223439242672,-0.000973982652014926,1.21075443450441,1.26268539336215,4.93228852150769,1.45576968382189,1,0,1,0,0.73,0.0443959457608462,0.93,0.0257737407895267
"step_mild",20,0.8,0.5,100,0.0224507386279666,0.143415473017827,0.120043336505986,-0.0100411930909922,0.154266135769353,0.124677223250349,1,-2.32460115590799,2.46565350654569,2.3338655495037,1,0.36,0.96,-0.0278078786041209,0.218698292725171,0.166681089847554,1,-0.0228992815785767,-0.00540913304651493,-0.0854447292497044,-0.0178973434017006,2.05518734800151,2.11842528494791,5.66804222101092,2.18395360158439,1,0,1,0,0.56,0.0496386945839634,0.99,0.0099498743710662
"step_mild",50,0.3,0.1,100,0.0258348546664715,0.0419725147597118,0.0339315270480257,0.024635974647851,0.0501529637880398,0.0395114550264192,1,-0.0162214213066689,0.460723798267337,0.385289838394573,1,0.08,0.28,0.0166543933308214,0.0580068489059951,0.0466906071257489,1,0.00106099915533704,0.00547207262337481,0.00128130217342044,7.14826459111059e-06,0.411312806086035,0.482762670033086,2.39538628773061,0.444117320079321,0.96,0.0195959179422654,0.95,0.0217944947177034,0.99,0.0099498743710662,0.99,0.0099498743710662
"step_mild",50,0.3,0.3,100,0.0323747261791656,0.0681411486380877,0.0545990689381726,0.00986563906162222,0.0689484225467409,0.0551720065569963,1,-0.706805431224568,1.08198741047006,0.921328813951245,1,0.07,0.7,0.00601363611691128,0.0967948142673989,0.0802420895836536,1,-0.00150857146286661,0.00903520097521174,-0.00439624367515535,-0.00506007527676096,1.20836027899529,1.27345122333253,3.73056860763155,1.22263143664941,1,0,1,0,0.9,0.03,1,0
"step_mild",50,0.3,0.5,100,0.0494562038328938,0.108157867635541,0.0881834948661404,5.72061727518489e-05,0.111261372092953,0.0855141093051136,1,-1.59454045486152,1.77297140153965,1.6286129618451,1,0.36,0.93,-0.0132443202353085,0.15705510734138,0.125680799090921,1,0.0132012110173562,0.0462004451510662,-0.0116854720113407,0.00484806557772948,2.08944960753702,2.20578739656713,4.75003199315458,2.10776871339664,1,0,1,0,0.76,0.0427083130081252,1,0
"step_mild",50,0.5,0.1,100,0.0236611110261593,0.0414334089019237,0.0337922461720446,0.00680081746264453,0.0576782027010316,0.0490042244322484,1,-0.273644868737608,0.58426007550868,0.457164176122098,1,0.08,0.33,0.0108397832473637,0.0548732101590594,0.0435191189659725,1,0.000660146770583096,0.0077369837355706,0.000325870554924319,0.00150586122158992,0.3932737556427,0.494023653255212,2.25656556856527,0.440513498749705,0.98,0.014,0.98,0.014,0.91,0.0286181760425084,0.99,0.0099498743710662
"step_mild",50,0.5,0.3,100,0.0312731081850416,0.0605464422967889,0.0443754590356739,0.00300375256510198,0.0743416828941562,0.0568388075399766,1,-0.999537124269059,1.19623973453059,1.05349654885344,1,0.11,0.77,0.00707185330078005,0.0957793611898901,0.0730455781348299,1,-0.0033985830363201,0.0101391022701344,-0.00930220702780961,-0.00215784039626121,1.19686591268763,1.27766949882523,3.47902547673453,1.23934260608918,1,0,1,0,0.8,0.04,1,0
"step_mild",50,0.5,0.5,100,0.0409061656130818,0.0898338953680228,0.0712016667729723,-0.0228529943808995,0.104070018699184,0.0819149358638518,1,-1.72270566187244,1.83760963304036,1.72824543285189,1,0.5,0.94,-0.0294054646715469,0.123426037076162,0.0977391029718271,1,-0.00381265790379828,0.0396657969606208,-0.0434097078477898,0.00288884137380313,2.01219588482198,2.16557227438019,3.89530837348253,2.09130765330276,1,0,1,0,0.45,0.049749371855331,1,0
"step_mild",50,0.8,0.1,100,-0.00332047922848076,0.0337239070938154,0.026926712053086,-0.00684397110097047,0.0502255223252474,0.0383465155679233,1,-0.257095402403752,0.515630325294933,0.395438717219313,1,0.18,0.16,-0.00851197846268088,0.0380352566111893,0.0302392909591948,0.96,-0.00270103529334209,0.00153839261369777,-0.00281437795368722,-0.00181559046106705,0.327470699651858,0.401618368033274,2.00550912533177,0.375629526442084,0.98,0.014,0.99,0.0099498743710662,0.96,0.0195959179422654,0.66,0.0483476990145343
"step_mild",50,0.8,0.3,100,0.0145319013279241,0.0503656919624418,0.0384602552607639,-0.0226334087677805,0.0774668511877769,0.0597038106924814,1,-1.3676183794728,1.46884292360195,1.38067549267568,1,0.18,0.85,-0.00132829772662726,0.0696506212186728,0.0538089868386709,1,-0.0125473969629348,0.00423495887161653,-0.0245943676817275,-0.00810615775668286,1.12471517328895,1.23046274520965,2.95335501155631,1.17714324770383,1,0,1,0,0.48,0.0499599839871872,0.99,0.0099498743710662
"step_mild",50,0.8,0.5,100,0.0351580687052047,0.0823488683640749,0.0689398278430027,-0.0295072561310035,0.11475837372768,0.0906822551519593,1,-1.93298913769733,1.98122725226081,1.93298913769733,1,0.67,1,-0.0300324509397112,0.150311072446193,0.111810940272515,1,-0.0133665462339337,0.0287555267836429,-0.0807001565052633,0.00974015817830154,1.96971188616644,2.11874752140225,3.06641859709828,2.10582463475152,1,0,1,0,0.13,0.0336303434416005,1,0
"step_moderate",10,0.3,0.1,100,0.0418946602453899,0.0984324403577938,0.0827887659919923,0.040083607658419,0.101870184558822,0.0824237528123937,1,-0.0891995610142527,1.74352904864313,1.34137658838691,1,0.04,0.45,-0.0120182001768548,0.142444333376863,0.114438886305108,0.89,0.00957838119139174,0.0123950830333964,0.0106698190511936,0.00381882918658794,0.92537724335995,0.93024327494662,12.321722556557,0.991114638523104,0.98,0.014,0.97,0.017058722109232,1,0,0.89,0.033166247903554
"step_moderate",10,0.3,0.3,100,0.0803279548357368,0.154575549715195,0.122689888551348,0.0588197427612911,0.146663036675362,0.109826698981485,1,-0.772000805099337,2.29559974670846,1.92846724084337,1,0.1,0.62,-0.0101429714925155,0.248334967457342,0.204343492802735,0.93,0.0226122059463458,0.0301977962897823,0.0201188060463728,0.00615005501012258,1.8258810057729,1.7958916553062,14.8465314536238,1.9591403031344,0.96,0.0195959179422654,0.96,0.0195959179422654,0.96,0.0195959179422654,0.9,0.0311085508419128
"step_moderate",10,0.3,0.5,100,0.0365190352572023,0.20552495798856,0.158969800670615,0.0250655385562643,0.194194292647664,0.146163774094555,1,-1.50023317265068,3.74304849676465,3.06446732372893,1,0.1,0.64,-0.0952200077627459,0.336606475763117,0.271723044094791,0.97,0.0596952618917677,0.0688340142658657,0.04224869654886,0.00566090331240985,2.95841764882059,2.9639896486853,18.4969831993999,3.03034290097196,0.99,0.0099498743710662,0.99,0.0099498743710662,0.95,0.0217944947177034,0.95,0.022128956632645
"step_moderate",10,0.5,0.1,100,0.0476063047475659,0.0899075898958489,0.0722466781555164,0.0432325917944542,0.0927465479996514,0.074407763375001,1,-0.00839536892395177,1.18536400695545,0.941700308663765,1,0.01,0.37,0.0146169825356985,0.0926502446303824,0.0743700986877196,0.9,2.9588923155841e-05,0.00236257031558445,0.00192088398405283,-0.0013700880682397,0.6152516459115,0.632995033402478,9.72588575170255,0.736710570748362,0.97,0.017058722109232,0.97,0.017058722109232,0.99,0.0099498743710662,0.75,0.0456435464587638
"step_moderate",10,0.5,0.3,100,0.0743554623141463,0.149999569472377,0.122758358379845,0.0574055675494684,0.155310829911004,0.126570822693288,1,-1.16052842467137,2.08947008058311,1.70114937006081,1,0.07,0.68,0.00557720593371291,0.22681410034878,0.167301211641256,0.92,-0.0171561817325184,-0.011466356339011,-0.0220184896276172,-0.0165991317927744,1.31839900273685,1.34238130572191,10.1715241054555,1.6030430555797,0.97,0.017058722109232,0.97,0.017058722109232,0.95,0.0217944947177034,0.87,0.0350620567863176
"step_moderate",10,0.5,0.5,100,0.0704299369662929,0.200184559418676,0.152488100912206,0.0457823691878993,0.199012269357078,0.152491265104492,1,-2.13561475998431,3.13263739658767,2.56492510331975,1,0.16,0.75,-0.0143528677393419,0.297719564896452,0.233347541175166,0.98,-0.0139583088525597,-0.000935589741636322,-0.0463853011640269,-0.0326133187113872,2.49200395840897,2.50500430490475,14.1149085162824,2.75022658764605,0.99,0.0099498743710662,0.98,0.014,0.89,0.031288975694324,0.96,0.0197948663722157
"step_moderate",10,0.8,0.1,100,0.0145581116393224,0.0729292269402749,0.057055167448354,0.0148098085463697,0.0739638913716303,0.0596257257752228,1,-0.249231646833085,1.26698552614001,1.02114611880794,1,0.05,0.32,0.00687439543894243,0.0910856132915393,0.0702626396318547,0.81,0.000622465205222115,0.00214222507170648,0.00136572878566831,0.000135808359864163,0.546718810374459,0.560300917286023,6.5794789341039,0.892636309400663,0.99,0.0099498743710662,0.99,0.0099498743710662,0.98,0.014,0.15,0.0396746023807936
"step_moderate",10,0.8,0.3,100,0.0206356307450048,0.118003184652657,0.0935806482352263,0.0134305511568484,0.129908382601054,0.103112619398141,1,-1.1190756615759,1.84396587420574,1.48363343404901,1,0.06,0.55,-0.00752051865984536,0.152160975608846,0.114813578209871,0.84,-0.0288817212174966,-0.0244601291148904,-0.0340479810224594,-0.0245170600261195,1.18994204593793,1.2149258375505,8.06819157313483,1.56944771142809,1,0,1,0,0.95,0.0217944947177034,0.52,0.0545108115095397
"step_moderate",10,0.8,0.5,100,0.0859294583942401,0.17156319883757,0.143417521498393,0.0663185654589456,0.176025685183548,0.146506748232289,1,-2.47264444112401,3.07686757136171,2.65538960090868,1,0.26,0.83,-0.0987364379941533,0.667719853159351,0.28784452524632,0.92,-0.0386068201450961,-0.0302550644578335,-0.105963614012507,0.0359326349534845,2.24232703474029,2.26966561357132,10.1151992487549,5.23437598391062,1,0,1,0,0.77,0.0420832508250016,0.79,0.0424648191985462
"step_moderate",20,0.3,0.1,100,0.0607930469359561,0.0937455944889116,0.077854100700737,0.0528591883957756,0.0939690433925359,0.0769559823251073,1,-0.214808925431437,1.01544290920297,0.820172364680127,1,0.04,0.45,0.0346731856157236,0.107086524073683,0.0894574687666002,1,0.00576893842812169,0.00828922804178452,0.00623300279354057,0.00327306313139372,0.558811430011346,0.592255703508676,4.6854852388507,0.648256253526888,0.92,0.0271293199325011,0.93,0.0255147016443461,0.99,0.0099498743710662,0.95,0.0217944947177034
"step_moderate",20,0.3,0.3,100,0.0825712314191607,0.132030427668724,0.106069239423706,0.0611332526699933,0.127147952914661,0.099006354790006,1,-0.606096642953717,1.80193356442208,1.49259774156525,1,0.09,0.62,-0.00835466752686833,0.182253990941866,0.153119254288596,1,0.0211194724444595,0.0283442709145509,0.0173232688954388,0.0133256891210914,1.47634847454574,1.51062654271541,7.58616862154938,1.56241171139065,0.99,0.0099498743710662,0.99,0.0099498743710662,0.94,0.0237486841740758,0.98,0.014
"step_moderate",20,0.3,0.5,100,0.0794076903434014,0.17034630031335,0.137373270548736,0.0399568830405178,0.151157153997307,0.1151052280741,1,-1.28629579480695,2.27538763463143,1.8733256004652,1,0.18,0.73,-0.0828452315416119,0.273156234686063,0.207021134207523,1,0.0383827255932749,0.0606498317592313,0.0146565678602024,0.0232041913480088,2.33740855867338,2.40932783688983,9.05288631765675,2.43816746806675,1,0,1,0,0.9,0.03,0.99,0.0099498743710662
"step_moderate",20,0.5,0.1,100,0.0519252730118311,0.0777350482758737,0.0636941443517711,0.0449285244015597,0.0794580524438066,0.0650364883673032,1,-0.276895181417939,0.879817998581541,0.714807006722928,1,0.05,0.41,0.0187159548473744,0.0851278841737033,0.0690920637388011,0.99,0.000668798262539439,0.00343712682574111,0.000352119750233946,0.00312957120624004,0.43613377240545,0.46893668591447,4.06433953286537,0.577821375690406,0.92,0.0271293199325011,0.92,0.0271293199325011,0.95,0.0217944947177034,0.9,0.0301511344577764
"step_moderate",20,0.5,0.3,100,0.0718511793408863,0.11526524685516,0.0941528696423479,0.0542222969935257,0.115642085657757,0.0909327659100677,1,-1.00094301357943,1.58131827659632,1.31363002775077,1,0.07,0.7,0.0221039664575542,0.135465310140463,0.107496316608354,1,-0.00668183180232603,0.000686228157740211,-0.0117001835694363,-0.00228125425090078,1.24066508998915,1.28929621136828,6.0153747443868,1.37377411167137,1,0,1,0,0.9,0.03,1,0
"step_moderate",20,0.5,0.5,100,0.0918627407309264,0.15182035900826,0.121766024230804,0.050058825490015,0.153417592969221,0.119576252823049,1,-1.69415122546284,2.41099516640656,2.14111323018778,1,0.15,0.79,-0.0492184891028305,0.277608789182455,0.21011910525031,1,0.00247577963271766,0.0271488229791517,-0.0211633666788344,0.012304578447506,2.1779999672339,2.25928972977237,8.66228993378037,2.37812456111595,1,0,1,0,0.88,0.0324961536185438,0.99,0.0099498743710662
"step_moderate",20,0.8,0.1,100,0.0097607459273697,0.0482847869397955,0.0390302137294624,0.0100001832476755,0.0522861987267338,0.0426963586360219,1,-0.308378655618071,0.876498909033344,0.672761994180264,1,0.15,0.24,-0.00497521551761491,0.0563155707304802,0.0454488541500337,0.93,-0.000253062967386014,0.00186681183937706,-0.000681164248921091,0.00218031690230488,0.411994647468889,0.445895793179453,3.50026589667941,0.652238029984835,0.98,0.014,0.98,0.014,0.94,0.0237486841740758,0.4,0.0508000508000762
"step_moderate",20,0.8,0.3,100,0.03522795721353,0.0801940582773112,0.062212110047826,0.0164861037873557,0.0828539947313909,0.065424671039833,1,-1.35211532563551,1.67924026355593,1.47488644084718,1,0.11,0.73,-0.00319040218603057,0.128490716595651,0.0829703405506129,1,-0.0187649419228627,-0.0108541684222036,-0.0304800571714141,-0.00743375320310291,1.13526988765003,1.18524879930326,4.82217047782779,1.30362099571267,1,0,1,0,0.79,0.0407308237088326,0.9,0.03
"step_moderate",20,0.8,0.5,100,0.0673160049259898,0.139254588892843,0.10842947593521,0.0221174663970215,0.151242629857735,0.117215578913623,1,-2.14077871372002,2.30907527844249,2.16044070061588,1,0.41,0.95,-0.0803760957727251,0.287858048709696,0.20242490700623,1,-0.0354061378310022,-0.0111458377282921,-0.0980727284767439,0.01981692762359,1.99358228595443,2.0784927011507,5.51056988126247,2.40027292810647,1,0,1,0,0.5,0.05,0.99,0.0099498743710662
"step_moderate",50,0.3,0.1,100,0.0592450782903975,0.068416306128323,0.0607131781979492,0.0487093029590315,0.0655748088535814,0.0546260295713249,1,-0.0599060608676812,0.554435515448415,0.453074065486524,1,0.04,0.29,0.0383916523654445,0.0726599693282156,0.0564094553387604,1,0.00141613117720586,0.00635901454748079,0.00158112760853362,0.000573580578776954,0.412801838260925,0.488375805949242,2.65589563241074,0.464809056384543,0.86,0.0346987031457949,0.9,0.03,0.97,0.017058722109232,0.98,0.014
"step_moderate",50,0.3,0.3,100,0.0718037902435583,0.094150355920851,0.0792788636355646,0.0388002999112301,0.0897216006246085,0.0722594413387582,1,-0.646142978435439,1.07829011732348,0.877945917744514,1,0.07,0.63,-0.000672481873913882,0.105370666552402,0.083487906303135,1,0.0123130390137428,0.0289576568300442,0.0101108397217542,0.0102812514614667,1.30828679108946,1.40290614225531,4.29331354690104,1.34213087111215,1,0,1,0,0.95,0.0217944947177034,0.99,0.0099498743710662
"step_moderate",50,0.3,0.5,100,0.0638358627907543,0.116908605572296,0.0981878969940631,0.00182293136873237,0.0966911110790246,0.0758627795563059,1,-1.41978896102353,1.73002289562869,1.54051972743266,1,0.23,0.87,-0.0898138563495389,0.180337919343296,0.144031273043109,1,0.0353241534517986,0.0746895242479521,0.0187101315211516,0.0295837703239875,2.18614255492898,2.32072581403287,5.46007007424932,2.2257096820629,1,0,1,0,0.86,0.0346987031457949,1,0
"step_moderate",50,0.5,0.1,100,0.0463172154481444,0.0595210299744701,0.0505256893481145,0.0323298144454384,0.0646221641664049,0.052967099753818,1,-0.257608873912653,0.57729150927543,0.463347353341558,1,0.09,0.37,0.0209440850393477,0.0555918436418088,0.0441924844442061,1,-0.00341253687066398,0.00215893195093237,-0.00350940460899256,-7.75959274430972e-05,0.309480326501175,0.403596280754216,2.22893781412146,0.40677890095105,0.85,0.0357071421427143,0.92,0.0271293199325011,0.96,0.0195959179422654,0.95,0.0217944947177034
"step_moderate",50,0.5,0.3,100,0.0805994729447717,0.0964285027539154,0.0827019654713617,0.0375166835968163,0.0886719609313055,0.0737104319091383,1,-0.963929801571793,1.13870683817017,1.00627207347604,1,0.09,0.74,0.0170184352467663,0.10374411008083,0.0865055849629052,1,-0.0155319483239456,0.00182748878603126,-0.0205701071256291,-0.00441698932562152,1.11031929541386,1.21927731511902,3.42379314026907,1.23205880583016,1,0,1,0,0.8,0.04,1,0
"step_moderate",50,0.5,0.5,100,0.0975421253477494,0.135440657902272,0.114405097118941,-0.0227475133105434,0.127875706300509,0.103858576276196,1,-1.84324122336897,1.9410409065542,1.84324122336897,1,0.47,0.98,-0.0659817973757919,0.176372891342638,0.136892461441824,1,0.00940248564962398,0.088776066521259,-0.0313833094552819,0.040883986841744,2.07201278424783,2.34748698206391,4.09554985095352,2.264548609548,1,0,1,0,0.55,0.049749371855331,1,0
"step_moderate",50,0.8,0.1,100,0.0119785500092661,0.0353241060505396,0.0286374602802052,0.0055519000003929,0.0450598284144738,0.0356149171133366,1,-0.336510461761344,0.551528063846733,0.437340748852811,1,0.15,0.17,0.00442449911020596,0.0369189644147721,0.0297494949684452,0.97,-0.00331872164928113,-0.000381219337265798,-0.00343664707480459,-0.00122415247347617,0.304284285571441,0.363230714682755,1.97827163369388,0.402638492430815,0.97,0.017058722109232,0.97,0.017058722109232,0.93,0.0255147016443461,0.53,0.0506758447104082
"step_moderate",50,0.8,0.3,100,0.0333158280326201,0.0564722478371072,0.0452995381209529,0.00744393744099925,0.0632315803322869,0.0492942414930297,1,-1.22982584037118,1.33570567775589,1.24943582116286,1,0.24,0.82,-0.00318727333526558,0.0697116289129342,0.054798934458657,1,-0.0169282812867047,-0.00482379900299566,-0.0299284218674162,-0.0019203210956078,1.09597842949892,1.17351902173377,2.74845461475244,1.21983732644529,1,0,1,0,0.49,0.0499899989998,0.99,0.0099498743710662
"step_moderate",50,0.8,0.5,100,0.0579291961036507,0.0937362946862146,0.0768668811169196,-0.0259483901031129,0.12500500433003,0.102572369085512,1,-1.83904195993066,1.88556176910071,1.83904195993066,1,0.68,1,-0.0515230892325403,0.164965826710937,0.126781339489506,1,-0.0292956692617691,0.0223417192417238,-0.0926627392220363,0.0168148178067496,1.89982624645406,2.09296786754603,2.93054371755279,2.14021261937431,1,0,1,0,0.19,0.0392300904918661,1,0
"step_severe",10,0.3,0.1,89,0.143062097622125,0.177477596292366,0.154802215002453,0.136115511617668,0.177016163933043,0.151549084058041,1,0.056566816062248,2.9312811536713,1.92198174692242,1,0.0112359550561798,0.471910112359551,0.0551355989594741,0.163658758390816,0.136078220680627,0.573033707865168,0.00866513117209576,0.0106314152223036,0.0141723506205572,0.00382291035954947,1.60576956593063,1.56750606417366,32.5861483683832,1.09464750521035,0.932584269662921,0.02657845068662,0.898876404494382,0.0319581211105603,1,0,0.528089887640449,0.0699034289338705
"step_severe",10,0.3,0.3,96,0.19875839480655,0.263768531942933,0.21966831356584,0.172174809725443,0.265990276743809,0.217923480076394,1,-1.43151302035277,4.60970202367515,2.81087139559621,1,0.135416666666667,0.65625,-0.0467337811579487,0.336858538403707,0.273137396432049,0.666666666666667,0.034333798531874,0.0426688506263,0.0206440702095571,0.0193619334923404,2.79277004505474,2.72895745549803,28.805608773832,2.29680604603866,0.90625,0.0297491136947809,0.90625,0.0297491136947809,0.958333333333333,0.020394687716095,0.635416666666667,0.0601641408966038
"step_severe",10,0.3,0.5,100,0.128754418146767,0.273650825821713,0.226234698322932,0.0939242054647221,0.256055157939926,0.20697976930245,1,-1.82335340880358,4.45952781914453,3.36204302423325,1,0.07,0.73,-0.193942733233783,0.457725680665542,0.402083996259914,0.87,0.0954165271435787,0.114690996531324,0.0936973388527209,0.0748443372427152,3.60725556084845,3.55001381891071,27.7269572961077,3.93125706510606,0.99,0.0099498743710662,0.99,0.0099498743710662,1,0,0.84,0.0393042947552414
"step_severe",10,0.5,0.1,100,0.0899411620341793,0.120821439890087,0.0994420013573985,0.0895552003876541,0.12284223603769,0.100739337482311,1,-0.191199056204047,1.42027700007971,1.11381921077216,1,0.03,0.39,0.0351981527732072,0.10956657892419,0.0914331666265997,0.85,-0.00215717047193279,-0.000725830851642543,-0.00219822600125116,-0.000644443676188984,0.561767090797486,0.575284119652624,8.64039920016931,0.850379956592748,0.95,0.0217944947177034,0.91,0.0286181760425084,0.99,0.0099498743710662,0.57,0.0536985047442171
"step_severe",10,0.5,0.3,100,0.164994038186755,0.210222823842777,0.175498906070302,0.143984931181188,0.203150604643615,0.165326474577626,1,-1.23301263439568,3.08536166189661,2.20099111283071,1,0.09,0.64,0.0575249154606996,0.248433076164322,0.202093296504164,0.78,-0.0199279491711718,-0.0152741489767387,-0.0285603697793885,-0.0108796881396626,1.53454398297582,1.52756793211605,16.1989677834395,1.86950811833219,0.95,0.0217944947177034,0.97,0.017058722109232,0.91,0.0286181760425084,0.58,0.0558844962675421
"step_severe",10,0.5,0.5,100,0.148217060176013,0.2496514593396,0.203245764641356,0.124525748702804,0.2558304254589,0.213301607042608,1,-2.02677698899389,3.61970905673275,2.7833634796191,1,0.18,0.74,-0.127615183229629,0.428116004028688,0.35192311014976,0.83,-0.00522537989698751,0.0106288479496306,-0.0374463834621134,0.0416372748587639,2.63810714574654,2.64596124541871,17.6269762758501,3.71090000371064,0.99,0.0099498743710662,0.98,0.014,0.9,0.03,0.74,0.0481463631976147
"step_severe",10,0.8,0.1,100,0.0199477957692127,0.0719562459385077,0.0578194014949453,0.0222829997102171,0.0752225813979315,0.0598710726645794,1,-0.487027004160211,1.26110263325792,1.017768085479,1,0.05,0.4,0.0134290686490371,0.0764850559313304,0.0600619165387391,0.8,0.000399899961635939,0.00189682366234837,-0.000348911608340493,-7.3869674813087e-05,0.530555465305702,0.546296700811157,5.97714819756449,0.8903905163741,0.98,0.014,0.99,0.0099498743710662,0.96,0.0195959179422654,0.12,0.0363318042491699
"step_severe",10,0.8,0.3,100,0.0830143041199795,0.139431113727997,0.111464352378139,0.0721420872708695,0.135022497018775,0.10675109424543,1,-1.35099778503562,2.01519655212023,1.62849095453018,1,0.11,0.65,0.0725032646094075,0.138878095313972,0.11364512649598,0.86,-0.0299944964559281,-0.0256499084875445,-0.0377718556740056,-0.0257385353920969,1.17154126800092,1.19929198551824,8.06804889830729,1.47283303772571,1,0,1,0,0.89,0.031288975694324,0.34,0.0510813304993262
"step_severe",10,0.8,0.5,100,0.159782511768842,0.217731618000371,0.182826207923004,0.144962877675024,0.211807116951603,0.177024582728184,1,-2.40124383846548,2.78089169839714,2.43814138137835,1,0.23,0.91,-0.212627975973144,1.76337739206852,0.459310627722274,0.8,-0.0740765442948794,-0.0689194370705353,-0.141655847615518,0.131624822273559,2.04203624186485,2.05411909563556,9.00534909808801,13.3558965387794,1,0,1,0,0.79,0.0407308237088326,0.51,0.0558905179793496
"step_severe",20,0.3,0.1,100,0.131894415355489,0.146507848465382,0.134718367400196,0.121111313975119,0.139876432771995,0.125731551269396,1,0.0420696156694047,1.1438407367822,0.90524505515409,1,0.01,0.42,0.0409457555433968,0.117986988732341,0.0969886100321453,0.98,0.00537252942609771,0.00690920788728891,0.00865547742735678,0.00413134014504542,0.622061520349209,0.634464000621471,7.8325759855174,0.822762471227442,0.73,0.0443959457608462,0.77,0.0420832508250016,1,0,0.95,0.0220157642963178
"step_severe",20,0.3,0.3,100,0.151771274256577,0.185321671751463,0.161226218671554,0.102210153776193,0.159601642287705,0.125423066721414,1,-0.721540211282673,1.76016938966639,1.41030903099855,1,0.07,0.61,-0.0369552156677964,0.230815393615834,0.186691599480034,1,0.0238528018834994,0.0389805388512692,0.0218142968434583,0.0280541738026449,1.50306670565452,1.56466132289497,8.70957019104388,1.76977873205779,0.92,0.0271293199325011,0.92,0.0271293199325011,0.98,0.014,0.93,0.0255147016443461
"step_severe",20,0.3,0.5,100,0.15984378070164,0.241615589484386,0.199731778983338,0.110190732717088,0.212323283390089,0.167200372469278,1,-1.63414966649309,2.8890762398296,2.48433664753624,1,0.1,0.79,-0.205549162001553,0.401408524743942,0.329562219699534,0.99,0.0998997571508995,0.127532404435832,0.0796297242774159,0.106147756151548,2.66797830280544,2.74006471746589,11.7058144194333,3.01362427586587,0.98,0.014,0.98,0.014,0.96,0.0195959179422654,0.99,0.01
"step_severe",20,0.5,0.1,100,0.0865638129958396,0.0983480113297479,0.088627995379947,0.0818727736724707,0.10133230820797,0.0886094611890815,1,-0.273227580840497,0.833332879719744,0.6842654367664,1,0.03,0.41,0.0444582316835455,0.0789970180309649,0.0654669695159904,0.97,-0.00555378040377387,-0.00382707467785119,-0.0053427958392061,-0.00220457155877177,0.336352637630343,0.363878082202884,4.21050084193156,0.519969730780521,0.82,0.0384187454245971,0.81,0.0392300904918661,0.99,0.0099498743710662,0.76,0.0433637218321262
"step_severe",20,0.5,0.3,100,0.16586782592396,0.189507090212286,0.169729684159438,0.146155798503861,0.185046202829091,0.159274163529308,1,-0.954160193475849,1.44183599969045,1.21130083979369,1,0.06,0.68,0.0478759592181746,0.189019120601329,0.15166579090192,0.88,-0.0373491233109925,-0.0277358356026501,-0.0423882963820948,-0.00911467776345088,0.962243145803265,1.02726034603742,5.40469351921227,1.4253720111667,0.91,0.0286181760425084,0.93,0.0255147016443461,0.93,0.0255147016443461,0.75,0.0461593091172498
"step_severe",20,0.5,0.5,100,0.187915851150336,0.236330501715982,0.208818256648073,0.119552999589926,0.204471776528197,0.173103291035221,1,-2.0471246148328,2.5414424904807,2.22223778958664,1,0.24,0.86,-0.104432062274882,0.345500408737264,0.271459433753511,0.99,-0.00868700007983029,0.0236629885188252,-0.04778555233989,0.060707095164765,2.14962378998035,2.24414381419283,7.98034804378591,2.82198339503084,0.99,0.0099498743710662,0.99,0.0099498743710662,0.86,0.0346987031457949,0.98,0.014070529413629
"step_severe",20,0.8,0.1,100,0.016037730843697,0.0469006261519982,0.037800107295317,0.017475183132576,0.0536879867351665,0.0440977506810735,1,-0.236821295526637,0.796318192400762,0.66783591200185,1,0.16,0.3,0.000933463911621673,0.0507651864708474,0.0396561067450649,0.85,-0.0027612814654111,-0.000730144555103761,-0.00295962721208758,0.000140482716489225,0.367313595980885,0.400941010757003,3.37317899350013,0.701263358838972,1,0,0.99,0.0099498743710662,0.95,0.0217944947177034,0.29,0.0492174048602369
"step_severe",20,0.8,0.3,100,0.0704820641408204,0.110979669809536,0.0889693486319997,0.061633226150388,0.108949645425979,0.0890729193323492,1,-1.13993055912484,1.46524760083247,1.30400688823426,1,0.11,0.71,0.0218728317743921,0.120599387010916,0.0906947501683611,0.96,-0.0344755648640036,-0.0290118749204319,-0.0446095358383187,-0.0127457775848531,0.997140827700393,1.03416798686142,4.35880911356228,1.3276615926118,0.99,0.0099498743710662,0.99,0.0099498743710662,0.75,0.0433012701892219,0.75,0.0441941738241592
"step_severe",20,0.8,0.5,100,0.133074171973669,0.175195631150987,0.148403104541176,0.0873888171461195,0.173198257457092,0.146102359344589,1,-1.98145896670709,2.2110250971123,2.00262256525805,1,0.36,0.93,-0.0436608055166332,0.27670083158698,0.213654873148503,0.98,-0.0578824884213571,-0.0365406628557348,-0.107789804842233,0.0251737192840738,1.87524513410562,1.9532513122546,5.4073822431068,2.56475456306323,1,0,1,0,0.6,0.0489897948556636,0.87,0.0339717770016975
"step_severe",50,0.3,0.1,100,0.14120433243289,0.146929388068323,0.14120433243289,0.113463440752461,0.125318564213118,0.113463440752461,1,-0.0489552165155457,0.610275315129075,0.479556975147744,1,0.03,0.32,0.0457345056611429,0.106745410330709,0.0862589829988438,1,-0.000571189270278445,0.00431200558790957,-3.87831781015794e-05,0.00479147277074218,0.390886196070881,0.465952849249387,3.29598437800692,0.584157670670294,0.56,0.0496386945839634,0.69,0.0462493243193887,0.97,0.017058722109232,0.91,0.0286181760425084
"step_severe",50,0.3,0.3,100,0.178994092715853,0.192354762938289,0.178994092715853,0.118222688450704,0.154954197301622,0.127727529291546,1,-0.504007706813456,1.11025316724841,0.901486901751684,1,0.07,0.59,-0.0186952909557718,0.172685455604633,0.13979249771957,1,0.00549510000172391,0.0278079151897053,0.00267964314768262,0.0243593140118919,1.26015779029833,1.38801973759857,4.77418288472856,1.4776959127905,0.97,0.017058722109232,0.97,0.017058722109232,0.92,0.0271293199325011,0.99,0.0099498743710662
"step_severe",50,0.3,0.5,100,0.134683366074206,0.165238418394685,0.139909672294979,0.0335810805864675,0.0983209049412506,0.0676224310833953,1,-1.47187601217751,1.91656517252999,1.67369279866369,1,0.2,0.82,-0.264356495275203,0.319114407894964,0.285696574568095,1,0.0973746970640377,0.161168045816436,0.0770794468155964,0.119540329605224,2.42955557386982,2.6283721552478,6.42325052782226,2.61812355504416,1,0,1,0,0.9,0.03,1,0
"step_severe",50,0.5,0.1,100,0.0852916025138124,0.0905280159609641,0.0852916025138124,0.0747159228814977,0.0895287662987238,0.0809579747173127,1,-0.384051535632425,0.5957891835898,0.496733622963462,1,0.06,0.42,0.0389730605397144,0.0637342021666212,0.0547405461832103,0.99,-0.00831379187179349,-0.00559371407827176,-0.00831701469444501,-0.003330330944397,0.189131446038204,0.244880478804713,2.19873637367479,0.344226669969207,0.4,0.0489897948556636,0.53,0.0499099188538711,0.93,0.0255147016443461,0.92,0.0272659924344291
"step_severe",50,0.5,0.3,100,0.143755901176014,0.15167630452687,0.143755901176014,0.0973666885079872,0.127966188173869,0.108165506342963,1,-0.867600752942637,1.08524929146039,0.926279195410786,1,0.09,0.73,0.028880891094216,0.128602238248169,0.106067948876607,1,-0.0351417391310859,-0.0182654044359284,-0.040322101994118,-0.00481132156576232,0.934351555905081,1.05460202957834,3.27485957112849,1.22787430379642,0.99,0.0099498743710662,1,0,0.8,0.04,0.99,0.0099498743710662
"step_severe",50,0.5,0.5,100,0.16823872032816,0.192515667725025,0.17245962116887,0.0316905242001671,0.140657904037289,0.108430223549775,1,-1.84741293591134,2.00597953919719,1.87464819820395,1,0.33,0.95,-0.163156876158274,0.303555665272275,0.236884018641128,1,5.2574677839104e-06,0.0774573344240947,-0.0366343423429454,0.0906370574038156,2.03278772480877,2.30282564052259,4.61913752087861,2.50653275599805,1,0,1,0,0.63,0.0482804308182932,1,0
"step_severe",50,0.8,0.1,100,0.020629436187233,0.0346925038453532,0.02790690308492,0.0159854582608256,0.0393976726784019,0.031851886539307,1,-0.290926748880776,0.52389267806097,0.412645050447125,1,0.18,0.13,0.00888594807866552,0.0328168877434785,0.026374364303574,0.98,-0.00410502388020401,-0.00114037255188689,-0.00420434118467597,-0.000766260204545054,0.289344028259144,0.350602705816071,1.92941804081124,0.509006450930232,0.98,0.014,0.96,0.0195959179422654,0.93,0.0255147016443461,0.33,0.0474986573387037
"step_severe",50,0.8,0.3,100,0.0657681555160828,0.0808489378367634,0.0711319234492022,0.0514960011999415,0.0783700749405239,0.0670751561949325,1,-1.19100141006868,1.28991823340048,1.1969852351245,1,0.09,0.8,0.0139144409621439,0.0679966570810754,0.0561839749369217,1,-0.0339655766026318,-0.0279645674865395,-0.0427239005712417,-0.00950129401672645,0.95065670873033,0.99606911917405,2.7526538320199,1.1522744764007,0.99,0.0099498743710662,1,0,0.55,0.049749371855331,0.93,0.0255147016443461
"step_severe",50,0.8,0.5,100,0.128992950711782,0.150626719669817,0.131785094779776,0.0675124509135744,0.133063502637603,0.111880859738868,1,-1.64172238892394,1.69206205955836,1.64172238892394,1,0.78,1,-0.0507150214599175,0.191336083785258,0.143272750543393,1,-0.0642481289990963,-0.028468232078734,-0.123467647031673,0.0309928333033563,1.74421373662909,1.88032269909125,2.54775534606243,2.23844504087107,1,0,1,0,0.08,0.0271293199325011,0.98,0.014
