"dataset","source","yi","vi","low_ability","pub_year","teachers","continent","es_id","grade","weight"
"psymetadata::barroso2021::barroso2021","psymetadata",-0.40005965,0.014925373,"2",2010,1,1,1,5,67.000000603
"psymetadata::barroso2021::barroso2021","psymetadata",-0.447692024,0.014925373,"2",2010,1,1,2,5,67.000000603
"psymetadata::barroso2021::barroso2021","psymetadata",0.010000333,0.011627907,"2",2004,2,1,3,5,85.999999828
"psymetadata::barroso2021::barroso2021","psymetadata",-0.287682072,0.003636364,"2",2001,2,1,4,3,274.999972500003
"psymetadata::barroso2021::barroso2021","psymetadata",-0.466047199,0.037037037,"2",2015,1,1,5,5,27.000000027
"psymetadata::barroso2021::barroso2021","psymetadata",-0.693147181,0.037037037,"2",2015,1,1,6,5,27.000000027
"psymetadata::barroso2021::barroso2021","psymetadata",-0.847955755,0.037037037,"2",2015,1,1,7,5,27.000000027
"psymetadata::barroso2021::barroso2021","psymetadata",-0.320545409,0.001988072,"2",2016,2,1,8,3,502.999891352023
"psymetadata::barroso2021::barroso2021","psymetadata",-0.244774113,0.002004008,"2",2016,2,1,9,3,499.000003992
"psymetadata::barroso2021::barroso2021","psymetadata",-0.309519604,0.002040816,"2",2016,2,1,10,3,490.000078400013
"psymetadata::barroso2021::barroso2021","psymetadata",-0.060072156,0.002079002,"2",2016,2,1,11,3,481.000018278001
"psymetadata::barroso2021::barroso2021","psymetadata",-0.140925576,0.002118644,"2",2016,2,1,12,3,472.000015104001
"psymetadata::barroso2021::barroso2021","psymetadata",-0.252215359,0.027027027,"2",2013,2,1,13,2,37.000000037
"psymetadata::barroso2021::barroso2021","psymetadata",-0.376885901,0.002557545,"2",2000,2,4,14,3,390.999962855004
"psymetadata::barroso2021::barroso2021","psymetadata",-0.42364893,0.002557545,"2",2000,2,4,15,3,390.999962855004
"psymetadata::barroso2021::barroso2021","psymetadata",-0.484700279,0.002557545,"2",2000,2,4,16,3,390.999962855004
"psymetadata::barroso2021::barroso2021","psymetadata",-0.447692024,0.000113727,"2",2009,2,3,17,4,8792.98671379708
"psymetadata::barroso2021::barroso2021","psymetadata",-0.244774113,0.000113727,"2",2009,2,3,18,4,8792.98671379708
"psymetadata::barroso2021::barroso2021","psymetadata",-0.153187103,0.047619048,"2",2003,2,1,19,5,20.999999832
"psymetadata::barroso2021::barroso2021","psymetadata",-0.276863823,0.009259259,"2",1995,2,1,20,5,108.000003024
"psymetadata::barroso2021::barroso2021","psymetadata",-0.246578801,0.004219409,"2",2000,2,1,21,5,237.000015879001
"psymetadata::barroso2021::barroso2021","psymetadata",-0.17682002,0.004219409,"2",2000,2,1,22,5,237.000015879001
"psymetadata::barroso2021::barroso2021","psymetadata",-0.168578995,0.004219409,"2",2000,2,1,23,5,237.000015879001
"psymetadata::barroso2021::barroso2021","psymetadata",-0.298675449,0.005617978,"2",2000,2,1,24,5,177.999985048001
"psymetadata::barroso2021::barroso2021","psymetadata",-0.291483877,0.005617978,"2",2000,2,1,25,5,177.999985048001
"psymetadata::barroso2021::barroso2021","psymetadata",-0.208155148,0.005617978,"2",2000,2,1,26,5,177.999985048001
"psymetadata::barroso2021::barroso2021","psymetadata",-0.340585495,0.001930502,"2",2016,2,3,27,6,517.999981352001
"psymetadata::barroso2021::barroso2021","psymetadata",-0.40005965,0.004115226,"2",2001,2,1,28,5,243.000019926002
"psymetadata::barroso2021::barroso2021","psymetadata",-0.266108407,0.003816794,"2",1997,2,1,29,3,261.999992664
"psymetadata::barroso2021::barroso2021","psymetadata",-0.171666664,0.003921569,"2",1997,2,1,30,3,254.999975775002
"psymetadata::barroso2021::barroso2021","psymetadata",-0.309519604,0.004366812,"2",1997,2,1,31,3,229.000011908001
"psymetadata::barroso2021::barroso2021","psymetadata",-0.276863823,0.004504505,"2",1997,2,1,32,3,221.999975580003
"psymetadata::barroso2021::barroso2021","psymetadata",-0.3884231,0.01369863,"2",1997,2,1,33,3,73.00000073
"psymetadata::barroso2021::barroso2021","psymetadata",-0.13073985,0.0078125,"2",1997,2,1,34,3,128
"psymetadata::barroso2021::barroso2021","psymetadata",-0.255412812,0.00862069,"2",1997,2,1,35,3,115.99999536
"psymetadata::barroso2021::barroso2021","psymetadata",-0.234189467,0.006060606,"2",1997,2,1,36,3,165.00000165
"psymetadata::barroso2021::barroso2021","psymetadata",-0.134810788,0.003484321,"2",2009,2,1,37,5,286.999963551005
"psymetadata::barroso2021::barroso2021","psymetadata",-0.175788613,0.003484321,"2",2009,2,1,38,5,286.999963551005
"psymetadata::barroso2021::barroso2021","psymetadata",-0.056058649,0.005464481,"2",1997,2,1,39,5,182.999995791
"psymetadata::barroso2021::barroso2021","psymetadata",-0.072124804,0.006756757,"2",1997,2,1,40,5,147.999994672
"psymetadata::barroso2021::barroso2021","psymetadata",-0.071119666,0.009345794,"2",2015,2,3,41,2,107.000004494
"psymetadata::barroso2021::barroso2021","psymetadata",-0.237359351,0.010526316,"2",2015,2,3,42,2,94.9999981
"psymetadata::barroso2021::barroso2021","psymetadata",-0.151140436,0.014705882,"2",2015,2,3,43,3,68.000001632
"psymetadata::barroso2021::barroso2021","psymetadata",-0.3884231,0.016666667,"2",2015,2,3,44,3,59.9999988
"psymetadata::barroso2021::barroso2021","psymetadata",-0.972955075,0.014285714,"2",2010,2,4,45,3,70.0000014
"psymetadata::barroso2021::barroso2021","psymetadata",-0.847955755,0.014084507,"2",2010,2,4,46,3,71.000000213
"psymetadata::barroso2021::barroso2021","psymetadata",-0.907644983,0.014285714,"2",2010,2,4,47,3,70.0000014
"psymetadata::barroso2021::barroso2021","psymetadata",-0.549306144,0.000976563,"2",2013,2,4,48,4,1023.99947571227
"psymetadata::barroso2021::barroso2021","psymetadata",-0.718533343,0.002150538,"2",2016,2,3,49,5,464.999920950013
"psymetadata::barroso2021::barroso2021","psymetadata",-0.643090257,0.00210084,"2",2016,2,3,50,5,476.000076160012
"psymetadata::barroso2021::barroso2021","psymetadata",-0.228916547,0.005813953,"2",1994,2,1,51,4,172.000014448001
"psymetadata::barroso2021::barroso2021","psymetadata",-0.42364893,0.005813953,"2",1994,2,1,52,4,172.000014448001
"psymetadata::barroso2021::barroso2021","psymetadata",-0.331647109,0.010309278,"2",2004,2,1,53,6,97.0000032980001
"psymetadata::barroso2021::barroso2021","psymetadata",-0.435611223,0.010309278,"2",2004,2,1,54,6,97.0000032980001
"psymetadata::barroso2021::barroso2021","psymetadata",-0.354092529,0.011111111,"2",2012,2,3,55,5,90.0000009
"psymetadata::barroso2021::barroso2021","psymetadata",-0.266108407,0.010309278,"2",2005,2,1,56,5,97.0000032980001
"psymetadata::barroso2021::barroso2021","psymetadata",-0.184050431,0.004975124,"2",2013,2,4,57,4,201.000015276001
"psymetadata::barroso2021::barroso2021","psymetadata",-0.263964597,0.004975124,"2",2013,2,4,58,4,201.000015276001
"psymetadata::barroso2021::barroso2021","psymetadata",-0.145007898,0.006993007,"2",2006,2,-999,59,5,142.999999857
"psymetadata::barroso2021::barroso2021","psymetadata",-0.549306144,0.004830918,"2",2016,2,1,60,6,206.999994618
"psymetadata::barroso2021::barroso2021","psymetadata",-0.3884231,0.005050505,"2",2016,2,1,61,6,198.00000198
"psymetadata::barroso2021::barroso2021","psymetadata",-0.13073985,0.002066116,"2",2010,2,3,62,5,483.99993030401
"psymetadata::barroso2021::barroso2021","psymetadata",-0.140925576,0.002066116,"2",2010,2,3,63,5,483.99993030401
"psymetadata::barroso2021::barroso2021","psymetadata",-0.213171347,0.002066116,"2",2010,2,3,64,5,483.99993030401
"psymetadata::barroso2021::barroso2021","psymetadata",-0.110446916,0.002066116,"2",2010,2,3,65,5,483.99993030401
"psymetadata::barroso2021::barroso2021","psymetadata",-0.13073985,0.002066116,"2",2010,2,3,66,5,483.99993030401
"psymetadata::barroso2021::barroso2021","psymetadata",-0.151140436,0.002066116,"2",2010,2,3,67,5,483.99993030401
"psymetadata::barroso2021::barroso2021","psymetadata",-0.181982689,0.002066116,"2",2010,2,3,68,5,483.99993030401
"psymetadata::barroso2021::barroso2021","psymetadata",-0.255412812,0.002066116,"2",2010,2,3,69,5,483.99993030401
"psymetadata::barroso2021::barroso2021","psymetadata",-0.060072156,0.002066116,"2",2010,2,3,70,5,483.99993030401
"psymetadata::barroso2021::barroso2021","psymetadata",-0.060072156,0.002066116,"2",2010,2,3,71,5,483.99993030401
"psymetadata::barroso2021::barroso2021","psymetadata",-0.080171325,0.002066116,"2",2010,2,3,72,5,483.99993030401
"psymetadata::barroso2021::barroso2021","psymetadata",-0.202732554,0.002066116,"2",2010,2,3,73,5,483.99993030401
"psymetadata::barroso2021::barroso2021","psymetadata",-0.342828254,0.001680672,"2",2014,2,4,74,4,595.000095200015
"psymetadata::barroso2021::barroso2021","psymetadata",-0.510070337,0.001336898,"2",2010,2,4,75,4,748.000221408065
"psymetadata::barroso2021::barroso2021","psymetadata",-0.40005965,0.001552795,"2",2011,2,1,76,3,644.00001288
"psymetadata::barroso2021::barroso2021","psymetadata",0.036015564,0.01369863,"2",2008,2,1,77,5,73.00000073
"psymetadata::barroso2021::barroso2021","psymetadata",-0.015001125,0.01369863,"2",2008,2,1,78,5,73.00000073
"psymetadata::barroso2021::barroso2021","psymetadata",-0.195451377,0.01369863,"2",2008,2,1,79,5,73.00000073
"psymetadata::barroso2021::barroso2021","psymetadata",-0.031009936,0.015151515,"2",2008,2,1,80,5,66.00000066
"psymetadata::barroso2021::barroso2021","psymetadata",-0.044028428,0.015151515,"2",2008,2,1,81,5,66.00000066
"psymetadata::barroso2021::barroso2021","psymetadata",-0.077152721,0.015151515,"2",2008,2,1,82,5,66.00000066
"psymetadata::barroso2021::barroso2021","psymetadata",-0.104377407,0.015151515,"2",2008,2,1,83,5,66.00000066
"psymetadata::barroso2021::barroso2021","psymetadata",-0.10943478,0.015151515,"2",2008,2,1,84,5,66.00000066
"psymetadata::barroso2021::barroso2021","psymetadata",-0.191299921,0.015384615,"2",2008,2,1,85,5,65.000001625
"psymetadata::barroso2021::barroso2021","psymetadata",-0.18715497,0.016666667,"2",2008,2,1,86,5,59.9999988
"psymetadata::barroso2021::barroso2021","psymetadata",-0.225758808,0.016666667,"2",2008,2,1,87,5,59.9999988
"psymetadata::barroso2021::barroso2021","psymetadata",-0.252215359,0.016666667,"2",2008,2,1,88,5,59.9999988
"psymetadata::barroso2021::barroso2021","psymetadata",-0.308421065,0.016666667,"2",2008,2,1,89,5,59.9999988
"psymetadata::barroso2021::barroso2021","psymetadata",-0.324976786,0.016666667,"2",2008,2,1,90,5,59.9999988
"psymetadata::barroso2021::barroso2021","psymetadata",-0.179916485,0.016949153,"2",2008,2,1,91,5,58.999998407
"psymetadata::barroso2021::barroso2021","psymetadata",-0.092260889,0.017241379,"2",2008,2,1,92,5,58.000001044
"psymetadata::barroso2021::barroso2021","psymetadata",-0.202732554,0.017241379,"2",2008,2,1,93,5,58.000001044
"psymetadata::barroso2021::barroso2021","psymetadata",-0.272554287,0.017241379,"2",2008,2,1,94,5,58.000001044
"psymetadata::barroso2021::barroso2021","psymetadata",-0.309519604,0.000909091,"2",2009,2,5,95,3,1099.99989000001
"psymetadata::barroso2021::barroso2021","psymetadata",-0.298566264,0.020833333,"2",1995,2,1,96,2,48.000000768
"psymetadata::barroso2021::barroso2021","psymetadata",-0.549306144,0.000619195,"2",2013,2,4,97,4,1615.00012112501
"psymetadata::barroso2021::barroso2021","psymetadata",-0.276863823,0.017857143,"2",2013,2,3,98,4,55.999999552
"psymetadata::barroso2021::barroso2021","psymetadata",-0.447692024,0.003773585,"2",2013,2,3,99,3,264.999993375
"psymetadata::barroso2021::barroso2021","psymetadata",0.106399703,0.003194888,"2",2013,2,3,100,3,313.000017528001
"psymetadata::barroso2021::barroso2021","psymetadata",-0.365443754,0.003194888,"2",2013,2,3,101,3,313.000017528001
"psymetadata::barroso2021::barroso2021","psymetadata",0.055055559,0.003773585,"2",2013,2,3,102,3,264.999993375
"psymetadata::barroso2021::barroso2021","psymetadata",-0.234189467,0.017857143,"2",2013,2,3,103,4,55.999999552
"psymetadata::barroso2021::barroso2021","psymetadata",-0.104377407,0.020408163,"2",2013,2,3,104,4,49.000000637
"psymetadata::barroso2021::barroso2021","psymetadata",-0.151140436,0.020408163,"2",2013,2,3,105,4,49.000000637
"psymetadata::barroso2021::barroso2021","psymetadata",-0.012000576,0.01754386,"2",2007,2,3,106,5,56.99999886
"psymetadata::barroso2021::barroso2021","psymetadata",-0.332761588,0.01754386,"2",2007,2,3,107,5,56.99999886
"psymetadata::barroso2021::barroso2021","psymetadata",-0.45622195,0.002096436,"2",2014,1,4,108,5,477.000013356
"psymetadata::barroso2021::barroso2021","psymetadata",-0.59014516,0.0625,"2",1995,2,1,109,3,16
"psymetadata::barroso2021::barroso2021","psymetadata",-0.484700279,0.04,"2",1995,2,1,110,3,25
"psymetadata::barroso2021::barroso2021","psymetadata",-0.459896681,0.003389831,"2",2002,2,1,111,5,294.999957225006
"psymetadata::barroso2021::barroso2021","psymetadata",-0.618381314,0.003389831,"2",2002,2,1,112,5,294.999957225006
"psymetadata::barroso2021::barroso2021","psymetadata",-0.263964597,0.002985075,"2",1995,2,1,113,5,334.999958125005
"psymetadata::barroso2021::barroso2021","psymetadata",-0.404743086,0.002985075,"2",1995,2,1,114,5,334.999958125005
"psymetadata::barroso2021::barroso2021","psymetadata",-0.110446916,0.004672897,"2",2015,2,4,115,2,214.000008988
"psymetadata::barroso2021::barroso2021","psymetadata",-0.244774113,0.004672897,"2",2015,2,4,116,2,214.000008988
"psymetadata::barroso2021::barroso2021","psymetadata",-0.276863823,0.00729927,"2",1996,2,1,117,5,137.00000137
"psymetadata::barroso2021::barroso2021","psymetadata",-0.040021354,0.00729927,"2",1996,2,1,118,5,137.00000137
"psymetadata::barroso2021::barroso2021","psymetadata",-0.161386696,0.010989011,"2",2015,2,1,119,5,90.999999909
"psymetadata::barroso2021::barroso2021","psymetadata",-0.213171347,0.010989011,"2",2015,2,1,120,5,90.999999909
"psymetadata::barroso2021::barroso2021","psymetadata",-0.181982689,0.010309278,"2",2007,2,1,121,5,97.0000032980001
"psymetadata::barroso2021::barroso2021","psymetadata",0.010000333,0.006622517,"2",2007,2,1,122,5,150.999989883001
"psymetadata::barroso2021::barroso2021","psymetadata",-0.010000333,0.006622517,"2",2007,2,1,123,5,150.999989883001
"psymetadata::barroso2021::barroso2021","psymetadata",-0.223656109,0.005405405,"2",2011,2,1,124,3,185.000013875001
"psymetadata::barroso2021::barroso2021","psymetadata",-0.450122871,0.006578947,"2",2004,1,1,125,5,152.000008512
"psymetadata::barroso2021::barroso2021","psymetadata",-0.490987692,0.006578947,"2",2004,1,1,126,5,152.000008512
"psymetadata::barroso2021::barroso2021","psymetadata",-0.50750636,0.006578947,"2",2004,1,1,127,5,152.000008512
"psymetadata::barroso2021::barroso2021","psymetadata",0.080171325,0.013333333,"2",2015,2,3,128,5,75.0000018750001
"psymetadata::barroso2021::barroso2021","psymetadata",0.010000333,0.013333333,"2",2015,2,3,129,5,75.0000018750001
"psymetadata::barroso2021::barroso2021","psymetadata",-0.010000333,0.013333333,"2",2015,2,3,130,5,75.0000018750001
"psymetadata::barroso2021::barroso2021","psymetadata",-0.020002667,0.013333333,"2",2015,2,3,131,5,75.0000018750001
"psymetadata::barroso2021::barroso2021","psymetadata",-0.050041729,0.013333333,"2",2015,2,3,132,5,75.0000018750001
"psymetadata::barroso2021::barroso2021","psymetadata",-0.050041729,0.013333333,"2",2015,2,3,133,5,75.0000018750001
"psymetadata::barroso2021::barroso2021","psymetadata",-0.100335348,0.013333333,"2",2015,2,3,134,5,75.0000018750001
"psymetadata::barroso2021::barroso2021","psymetadata",-0.120581028,0.013333333,"2",2015,2,3,135,5,75.0000018750001
"psymetadata::barroso2021::barroso2021","psymetadata",-0.161386696,0.008547009,"1",2013,2,4,136,5,116.999993799
"psymetadata::barroso2021::barroso2021","psymetadata",-0.360892579,0.008928571,"2",2013,2,4,137,3,112.000005376
"psymetadata::barroso2021::barroso2021","psymetadata",-0.365443754,0.001137656,"2",1994,2,3,138,4,879.000330504124
"psymetadata::barroso2021::barroso2021","psymetadata",-0.223656109,0.013333333,"2",2013,2,1,139,1,75.0000018750001
"psymetadata::barroso2021::barroso2021","psymetadata",-0.320545409,0.013333333,"2",2013,2,1,140,1,75.0000018750001
"psymetadata::barroso2021::barroso2021","psymetadata",-0.376885901,0.013333333,"2",2013,2,1,141,1,75.0000018750001
"psymetadata::barroso2021::barroso2021","psymetadata",-0.086212965,0.003787879,"2",2012,2,1,142,5,263.999985216001
"psymetadata::barroso2021::barroso2021","psymetadata",-0.284429817,0.003787879,"2",2012,2,1,143,5,263.999985216001
"psymetadata::barroso2021::barroso2021","psymetadata",-0.046032487,0.006493506,"2",2012,2,1,144,5,154.000011704001
"psymetadata::barroso2021::barroso2021","psymetadata",-0.215264538,0.006493506,"2",2012,2,1,145,5,154.000011704001
"psymetadata::barroso2021::barroso2021","psymetadata",-0.181982689,0.003773585,"2",2012,2,3,146,3,264.999993375
"psymetadata::barroso2021::barroso2021","psymetadata",-0.364304607,0.00617284,"2",2012,2,3,147,3,161.999987040001
"psymetadata::barroso2021::barroso2021","psymetadata",-0.151140436,0.000968054,"2",2007,2,3,148,3,1033.00022519405
"psymetadata::barroso2021::barroso2021","psymetadata",-0.171666664,0.000986193,"2",2007,2,3,149,3,1014.00030217209
"psymetadata::barroso2021::barroso2021","psymetadata",-0.484700279,0.001930502,"2",2015,2,4,150,4,517.999981352001
"psymetadata::barroso2021::barroso2021","psymetadata",-0.604155603,0.001930502,"2",2015,2,4,151,4,517.999981352001
"psymetadata::barroso2021::barroso2021","psymetadata",-0.435611223,0.002024291,"2",2015,2,4,152,4,494.00012152403
"psymetadata::barroso2021::barroso2021","psymetadata",-0.497311288,0.002024291,"2",2015,2,4,153,4,494.00012152403
"psymetadata::barroso2021::barroso2021","psymetadata",-0.225758808,0.018181818,"2",2009,2,1,154,5,55.00000055
"psymetadata::barroso2021::barroso2021","psymetadata",-0.349576602,0.018181818,"2",2009,2,1,155,5,55.00000055
"psymetadata::barroso2021::barroso2021","psymetadata",-0.376885901,0.003703704,"2",2014,2,4,156,3,269.999978400002
"psymetadata::barroso2021::barroso2021","psymetadata",-0.447692024,0.011904762,"2",2015,2,3,157,2,83.999999328
"psymetadata::barroso2021::barroso2021","psymetadata",-0.459896681,0.011904762,"2",2015,2,3,158,2,83.999999328
"psymetadata::barroso2021::barroso2021","psymetadata",-0.257547287,0.002298851,"2",2015,2,1,159,1,434.999919525015
"psymetadata::barroso2021::barroso2021","psymetadata",-0.407091126,0.002298851,"2",2015,2,1,160,1,434.999919525015
"psymetadata::barroso2021::barroso2021","psymetadata",0.106399703,0.008064516,"2",2016,2,3,161,5,124.000001984
"psymetadata::barroso2021::barroso2021","psymetadata",0.029008134,0.008064516,"2",2016,2,3,162,5,124.000001984
"psymetadata::barroso2021::barroso2021","psymetadata",-0.023004057,0.008064516,"2",2016,2,3,163,5,124.000001984
"psymetadata::barroso2021::barroso2021","psymetadata",0.02400461,0.005882353,"2",2016,2,3,164,5,169.9999983
"psymetadata::barroso2021::barroso2021","psymetadata",-0.036015564,0.005882353,"2",2016,2,3,165,5,169.9999983
"psymetadata::barroso2021::barroso2021","psymetadata",-0.044028428,0.005882353,"2",2016,2,3,166,5,169.9999983
"psymetadata::barroso2021::barroso2021","psymetadata",-0.090244188,0.002680965,"2",2016,2,3,167,5,373.000020515001
"psymetadata::barroso2021::barroso2021","psymetadata",-0.126673217,0.002680965,"2",2016,2,3,168,5,373.000020515001
"psymetadata::barroso2021::barroso2021","psymetadata",-0.164467041,0.002680965,"2",2016,2,3,169,5,373.000020515001
"psymetadata::barroso2021::barroso2021","psymetadata",-0.192337169,0.00462963,"2",2015,2,1,170,5,215.999982720001
"psymetadata::barroso2021::barroso2021","psymetadata",-0.255412812,0.001968504,"2",2015,2,1,171,3,507.999983744001
"psymetadata::barroso2021::barroso2021","psymetadata",-0.342828254,0.001976285,"2",2015,2,1,172,3,505.999893740022
"psymetadata::barroso2021::barroso2021","psymetadata",-0.070114671,0.001988072,"2",2015,2,1,173,3,502.999891352023
"psymetadata::barroso2021::barroso2021","psymetadata",-0.234189467,0.001992032,"2",2015,2,1,174,3,501.999967872002
"psymetadata::barroso2021::barroso2021","psymetadata",-0.192337169,0.001996008,"2",2015,2,1,175,3,500.999995992
"psymetadata::barroso2021::barroso2021","psymetadata",-0.298566264,0.002040816,"2",2015,2,1,176,3,490.000078400013
"psymetadata::barroso2021::barroso2021","psymetadata",-0.42364893,0.000180408,"2",2015,2,4,177,4,5542.99144162121
"psymetadata::barroso2021::barroso2021","psymetadata",-0.223656109,0.00019253,"2",2015,2,4,178,4,5193.99574092349
"psymetadata::barroso2021::barroso2021","psymetadata",-0.223656109,0.005434783,"2",2016,2,3,179,5,183.999986752001
"psymetadata::barroso2021::barroso2021","psymetadata",-0.192337169,0.005434783,"2",2016,2,3,180,5,183.999986752001
"psymetadata::barroso2021::barroso2021","psymetadata",-0.160360592,0.00729927,"2",2009,2,3,181,1,137.00000137
"psymetadata::barroso2021::barroso2021","psymetadata",-0.065091774,0.00729927,"2",2009,2,3,182,2,137.00000137
"psymetadata::barroso2021::barroso2021","psymetadata",0.016001366,0.00729927,"2",2009,2,3,183,1,137.00000137
"psymetadata::barroso2021::barroso2021","psymetadata",-0.039019791,0.00729927,"2",2009,2,3,184,1,137.00000137
"psymetadata::barroso2021::barroso2021","psymetadata",-0.309519604,0.001240695,"2",2015,2,3,185,5,805.999862980023
"psymetadata::barroso2021::barroso2021","psymetadata",-0.266108407,0.001240695,"2",2015,2,3,186,5,805.999862980023
"psymetadata::barroso2021::barroso2021","psymetadata",-0.287682072,0.001240695,"2",2015,2,3,187,5,805.999862980023
"psymetadata::barroso2021::barroso2021","psymetadata",-0.376885901,0.001240695,"2",2015,2,3,188,5,805.999862980023
"psymetadata::barroso2021::barroso2021","psymetadata",-0.331647109,0.001257862,"2",2015,2,3,189,5,794.999769450067
"psymetadata::barroso2021::barroso2021","psymetadata",-0.365443754,0.001257862,"2",2015,2,3,190,5,794.999769450067
"psymetadata::barroso2021::barroso2021","psymetadata",-0.287682072,0.00591716,"2",2013,2,1,191,5,168.99999324
"psymetadata::barroso2021::barroso2021","psymetadata",-0.501123153,0.006289308,"2",2012,2,1,192,1,159.000004452
"psymetadata::barroso2021::barroso2021","psymetadata",-0.20690272,0.006289308,"2",2012,2,1,193,1,159.000004452
"psymetadata::barroso2021::barroso2021","psymetadata",-0.298566264,0.006289308,"2",2012,2,1,194,1,159.000004452
"psymetadata::barroso2021::barroso2021","psymetadata",-0.402399273,0.006289308,"2",2012,2,1,195,1,159.000004452
"psymetadata::barroso2021::barroso2021","psymetadata",-0.411800034,0.004444444,"2",2012,2,3,196,5,225.000022500002
"psymetadata::barroso2021::barroso2021","psymetadata",-0.576339755,0.004444444,"2",2012,2,3,197,5,225.000022500002
"psymetadata::barroso2021::barroso2021","psymetadata",-0.138886172,0.006289308,"2",2013,2,1,198,1,159.000004452
"psymetadata::barroso2021::barroso2021","psymetadata",-0.288767472,0.000227169,"2",2015,2,3,199,4,4402.00907694272
"psymetadata::barroso2021::barroso2021","psymetadata",-0.317229857,0.000227169,"2",2015,2,3,200,4,4402.00907694272
"psymetadata::barroso2021::barroso2021","psymetadata",-0.358622366,0.000227169,"2",2015,2,3,201,4,4402.00907694272
"psymetadata::barroso2021::barroso2021","psymetadata",-0.618381314,0.011111111,"2",2009,2,1,202,5,90.0000009
"psymetadata::barroso2021::barroso2021","psymetadata",-0.632833187,0.011111111,"2",2009,2,1,203,5,90.0000009
"psymetadata::barroso2021::barroso2021","psymetadata",-0.223656109,0.005524862,"2",2014,2,3,204,4,180.999996018
"psymetadata::barroso2021::barroso2021","psymetadata",-0.171666664,0.003076923,"2",2014,2,3,205,5,325.000008125
"psymetadata::barroso2021::barroso2021","psymetadata",-0.40005965,0.002754821,"2",2013,2,1,206,1,362.999991651
"psymetadata::barroso2021::barroso2021","psymetadata",0.510070337,0.025641026,"2",1995,2,4,207,3,38.999999454
"psymetadata::barroso2021::barroso2021","psymetadata",-0.030009005,0.025641026,"2",1995,2,4,208,3,38.999999454
"psymetadata::barroso2021::barroso2021","psymetadata",-0.13073985,0.025641026,"2",1995,2,4,209,3,38.999999454
"psymetadata::barroso2021::barroso2021","psymetadata",-0.411800034,0.025641026,"2",1995,2,4,210,3,38.999999454
"psymetadata::barroso2021::barroso2021","psymetadata",0.354092529,0.027027027,"2",1995,2,4,211,3,37.000000037
"psymetadata::barroso2021::barroso2021","psymetadata",-0.411800034,0.027027027,"2",1995,2,4,212,3,37.000000037
"psymetadata::barroso2021::barroso2021","psymetadata",-0.459896681,0.027027027,"2",1995,2,4,213,3,37.000000037
"psymetadata::barroso2021::barroso2021","psymetadata",-0.459896681,0.027027027,"2",1995,2,4,214,3,37.000000037
"psymetadata::barroso2021::barroso2021","psymetadata",-0.151140436,0.028571429,"2",1995,2,4,215,2,34.999999475
"psymetadata::barroso2021::barroso2021","psymetadata",-0.192337169,0.028571429,"2",1995,2,4,216,2,34.999999475
"psymetadata::barroso2021::barroso2021","psymetadata",-0.376885901,0.028571429,"2",1995,2,4,217,2,34.999999475
"psymetadata::barroso2021::barroso2021","psymetadata",-0.459896681,0.028571429,"2",1995,2,4,218,2,34.999999475
"psymetadata::barroso2021::barroso2021","psymetadata",0.309519604,0.032258065,"2",1995,2,4,219,2,30.999999535
"psymetadata::barroso2021::barroso2021","psymetadata",0.140925576,0.032258065,"2",1995,2,4,220,2,30.999999535
"psymetadata::barroso2021::barroso2021","psymetadata",0,0.032258065,"2",1995,2,4,221,2,30.999999535
"psymetadata::barroso2021::barroso2021","psymetadata",-0.411800034,0.032258065,"2",1995,2,4,222,2,30.999999535
"psymetadata::barroso2021::barroso2021","psymetadata",-0.289853534,0.004115226,"2",1998,2,1,223,5,243.000019926002
"psymetadata::barroso2021::barroso2021","psymetadata",-0.275785504,0.012345679,"2",2012,1,1,224,6,81.000000081
"psymetadata::barroso2021::barroso2021","psymetadata",0.070114671,0.00952381,"2",1996,2,1,225,5,104.99999475
"psymetadata::barroso2021::barroso2021","psymetadata",0.012000576,0.00952381,"2",1996,2,1,226,5,104.99999475
"psymetadata::barroso2021::barroso2021","psymetadata",0.012000576,0.00952381,"2",1996,2,1,227,5,104.99999475
"psymetadata::barroso2021::barroso2021","psymetadata",-0.002000003,0.00952381,"2",1996,2,1,228,5,104.99999475
"psymetadata::barroso2021::barroso2021","psymetadata",-0.030009005,0.00952381,"2",1996,2,1,229,5,104.99999475
"psymetadata::barroso2021::barroso2021","psymetadata",-0.151140436,0.00952381,"2",1996,2,1,230,5,104.99999475
"psymetadata::barroso2021::barroso2021","psymetadata",-0.202732554,0.00952381,"2",1996,2,1,231,5,104.99999475
"psymetadata::barroso2021::barroso2021","psymetadata",-0.522984278,0.034482759,"2",2009,1,1,232,5,28.999999681
"psymetadata::barroso2021::barroso2021","psymetadata",-0.181982689,0.034482759,"2",2009,1,1,233,5,28.999999681
"psymetadata::barroso2021::barroso2021","psymetadata",-0.331647109,0.034482759,"2",2009,1,1,234,5,28.999999681
"psymetadata::barroso2021::barroso2021","psymetadata",-0.536060337,0.034482759,"2",2009,1,1,235,5,28.999999681
"psymetadata::barroso2021::barroso2021","psymetadata",-0.151140436,0.009708738,"2",2013,2,1,236,1,102.999998558
"psymetadata::barroso2021::barroso2021","psymetadata",-0.287682072,0.009708738,"2",2013,2,1,237,1,102.999998558
"psymetadata::barroso2021::barroso2021","psymetadata",-0.309519604,0.009708738,"2",2013,2,1,238,1,102.999998558
"psymetadata::barroso2021::barroso2021","psymetadata",-0.365443754,0.009708738,"2",2013,2,1,239,1,102.999998558
"psymetadata::barroso2021::barroso2021","psymetadata",-0.287682072,0.009090909,"2",2013,2,1,240,2,110.0000011
"psymetadata::barroso2021::barroso2021","psymetadata",-0.331647109,0.009090909,"2",2013,2,1,241,2,110.0000011
"psymetadata::barroso2021::barroso2021","psymetadata",-0.120581028,0.009090909,"2",2013,2,1,242,1,110.0000011
"psymetadata::barroso2021::barroso2021","psymetadata",-0.223656109,0.009090909,"2",2013,2,1,243,1,110.0000011
"psymetadata::barroso2021::barroso2021","psymetadata",-0.331647109,0.009090909,"2",2013,2,1,244,1,110.0000011
"psymetadata::barroso2021::barroso2021","psymetadata",-0.376885901,0.009090909,"2",2013,2,1,245,1,110.0000011
"psymetadata::barroso2021::barroso2021","psymetadata",-0.110446916,0.009090909,"2",2013,2,1,246,2,110.0000011
"psymetadata::barroso2021::barroso2021","psymetadata",-0.536060337,0.002375297,"2",2009,2,4,247,4,420.999984423001
"psymetadata::barroso2021::barroso2021","psymetadata",-0.618381314,0.002375297,"2",2009,2,4,248,4,420.999984423001
"psymetadata::barroso2021::barroso2021","psymetadata",-0.161386696,0.009174312,"1",1993,2,1,249,5,108.999999128
"psymetadata::barroso2021::barroso2021","psymetadata",-0.171666664,0.009174312,"1",1993,2,1,250,5,108.999999128
"psymetadata::barroso2021::barroso2021","psymetadata",-0.066096083,0.083333333,"2",1995,2,1,251,5,12.000000048
"psymetadata::barroso2021::barroso2021","psymetadata",0.014000915,0.083333333,"2",1995,2,1,252,5,12.000000048
"psymetadata::barroso2021::barroso2021","psymetadata",-0.088228219,0.083333333,"2",1995,2,1,253,5,12.000000048
"psymetadata::barroso2021::barroso2021","psymetadata",-0.173726908,0.083333333,"2",1995,2,1,254,5,12.000000048
"psymetadata::barroso2021::barroso2021","psymetadata",-0.562729769,0.002881844,"2",1995,2,1,255,5,347.000045804006
"psymetadata::barroso2021::barroso2021","psymetadata",-0.354092529,0.006896552,"2",2016,2,3,256,3,144.9999942
"psymetadata::barroso2021::barroso2021","psymetadata",-0.287682072,0.005235602,"2",2016,2,3,257,3,191.000003438
"psymetadata::barroso2021::barroso2021","psymetadata",-0.070114671,0.003184713,"2",2016,2,3,258,2,314.000037052004
"psymetadata::barroso2021::barroso2021","psymetadata",-0.13073985,0.003134796,"2",2016,2,3,259,2,319.000024244002
"psymetadata::barroso2021::barroso2021","psymetadata",-0.244774113,0.00245098,"2",2007,2,3,260,3,408.00006528001
"psymetadata::barroso2021::barroso2021","psymetadata",-0.298566264,0.004694836,"2",2007,2,3,261,4,212.999985516001
"psymetadata::barroso2021::barroso2021","psymetadata",-0.192337169,0.002457002,"2",2011,2,3,262,5,407.000075702014
"psymetadata::barroso2021::barroso2021","psymetadata",-0.100335348,0.010989011,"2",1997,2,1,263,4,90.999999909
"psymetadata::barroso2021::barroso2021","psymetadata",-0.202732554,0.010989011,"2",1997,2,1,264,4,90.999999909
"psymetadata::barroso2021::barroso2021","psymetadata",0,0.011363636,"2",2003,2,1,265,5,88.0000028160001
"psymetadata::barroso2021::barroso2021","psymetadata",-0.010000333,0.011363636,"2",2003,2,1,266,5,88.0000028160001
"psymetadata::barroso2021::barroso2021","psymetadata",-0.223656109,0.011363636,"2",2003,2,1,267,5,88.0000028160001
"psymetadata::barroso2021::barroso2021","psymetadata",-0.3884231,0.003571429,"2",2005,2,4,268,3,279.999966400004
"psymetadata::barroso2021::barroso2021","psymetadata",-0.171666664,0.005208333,"2",2005,2,4,269,3,192.000012288001
"psymetadata::barroso2021::barroso2021","psymetadata",-0.162413138,0.003125,"2",2013,2,1,270,5,320
"psymetadata::barroso2021::barroso2021","psymetadata",-0.180949396,0.003125,"2",2013,2,1,271,5,320
"psymetadata::barroso2021::barroso2021","psymetadata",-0.30512976,0.003125,"2",2013,2,1,272,5,320
"psymetadata::barroso2021::barroso2021","psymetadata",-0.122610746,0.004761905,"2",2013,2,1,273,5,209.999989500001
"psymetadata::barroso2021::barroso2021","psymetadata",-0.207946366,0.004761905,"2",2013,2,1,274,5,209.999989500001
"psymetadata::barroso2021::barroso2021","psymetadata",-0.229970121,0.004761905,"2",2013,2,1,275,5,209.999989500001
"psymetadata::barroso2021::barroso2021","psymetadata",-0.038018307,0.007407407,"1",2013,2,1,276,5,135.000007425
"psymetadata::barroso2021::barroso2021","psymetadata",-0.042024722,0.007407407,"1",2013,2,1,277,5,135.000007425
"psymetadata::barroso2021::barroso2021","psymetadata",-0.113484684,0.007407407,"1",2013,2,1,278,5,135.000007425
"psymetadata::barroso2021::barroso2021","psymetadata",-0.418896043,0.009803922,"2",2003,2,1,279,5,101.999995512
"psymetadata::barroso2021::barroso2021","psymetadata",-0.450122871,0.00877193,"2",2003,2,1,280,5,113.99999772
"psymetadata::barroso2021::barroso2021","psymetadata",-0.210035,0.01010101,"2",2003,2,1,281,5,99.00000099
"psymetadata::barroso2021::barroso2021","psymetadata",-0.165494508,0.010204082,"2",2003,2,1,282,5,97.9999964720001
"psymetadata::barroso2021::barroso2021","psymetadata",-0.219456521,0.004424779,"2",2014,2,1,283,1,225.999987796001
"psymetadata::barroso2021::barroso2021","psymetadata",-0.211079993,0.004424779,"2",2014,2,1,284,1,225.999987796001
"psymetadata::barroso2021::barroso2021","psymetadata",-0.451340166,0.004424779,"2",2014,2,1,285,1,225.999987796001
"psymetadata::barroso2021::barroso2021","psymetadata",-0.485954906,0.004424779,"2",2014,2,1,286,1,225.999987796001
"psymetadata::barroso2021::barroso2021","psymetadata",-0.415343091,0.005263158,"2",2014,2,1,287,1,189.9999962
"psymetadata::barroso2021::barroso2021","psymetadata",-0.417710618,0.005263158,"2",2014,2,1,288,1,189.9999962
"psymetadata::barroso2021::barroso2021","psymetadata",-0.438017735,0.005263158,"2",2014,2,1,289,1,189.9999962
"psymetadata::barroso2021::barroso2021","psymetadata",-0.496043635,0.005263158,"2",2014,2,1,290,1,189.9999962
"psymetadata::barroso2021::barroso2021","psymetadata",-0.070114671,0.004149378,"2",2016,2,1,291,3,240.999976382002
"psymetadata::barroso2021::barroso2021","psymetadata",-0.090244188,0.004149378,"2",2016,2,1,292,3,240.999976382002
"psymetadata::barroso2021::barroso2021","psymetadata",-0.161386696,0.004149378,"2",2016,2,1,293,3,240.999976382002
"psymetadata::barroso2021::barroso2021","psymetadata",-0.213171347,0.004149378,"2",2016,2,1,294,3,240.999976382002
"psymetadata::barroso2021::barroso2021","psymetadata",-0.266108407,0.004149378,"2",2016,2,1,295,3,240.999976382002
"psymetadata::barroso2021::barroso2021","psymetadata",-0.298566264,0.004149378,"2",2016,2,1,296,3,240.999976382002
"psymetadata::barroso2021::barroso2021","psymetadata",-0.171666664,0.00617284,"2",1995,2,1,297,5,161.999987040001
"psymetadata::barroso2021::barroso2021","psymetadata",-0.213171347,0.00617284,"2",1995,2,1,298,5,161.999987040001
"psymetadata::barroso2021::barroso2021","psymetadata",-0.223656109,0.00617284,"2",1995,2,1,299,5,161.999987040001
"psymetadata::barroso2021::barroso2021","psymetadata",-0.288767472,0.001782531,"2",2016,2,1,300,1,561.000061149007
"psymetadata::barroso2021::barroso2021","psymetadata",-0.405916575,0.001408451,"2",2015,2,1,301,3,709.999850900031
"psymetadata::barroso2021::barroso2021","psymetadata",-0.389582211,0.001470588,"2",2015,2,1,302,3,680.000108800017
"psymetadata::barroso2021::barroso2021","psymetadata",-0.390742321,0.001597444,"2",2015,2,1,303,3,626.000035056002
"psymetadata::barroso2021::barroso2021","psymetadata",-0.510070337,0.032258065,"2",1995,2,1,304,5,30.999999535
"psymetadata::barroso2021::barroso2021","psymetadata",0.302939119,0.083333333,"2",2009,2,1,305,3,12.000000048
"psymetadata::barroso2021::barroso2021","psymetadata",0.096296554,0.083333333,"2",2009,2,1,306,3,12.000000048
"psymetadata::barroso2021::barroso2021","psymetadata",-0.013000732,0.083333333,"2",2009,1,1,307,3,12.000000048
"psymetadata::barroso2021::barroso2021","psymetadata",-0.037016898,0.083333333,"2",2009,1,1,308,3,12.000000048
"psymetadata::barroso2021::barroso2021","psymetadata",-0.102355961,0.083333333,"2",2009,2,1,309,3,12.000000048
"psymetadata::barroso2021::barroso2021","psymetadata",-0.275785504,0.083333333,"2",2009,2,1,310,3,12.000000048
"psymetadata::barroso2021::barroso2021","psymetadata",-0.299658432,0.083333333,"2",2009,1,1,311,3,12.000000048
"psymetadata::barroso2021::barroso2021","psymetadata",-0.362029024,0.083333333,"2",2009,2,1,312,3,12.000000048
"psymetadata::barroso2021::barroso2021","psymetadata",-0.380336888,0.083333333,"2",2009,2,1,313,3,12.000000048
"psymetadata::barroso2021::barroso2021","psymetadata",-0.403570654,0.083333333,"2",2009,1,1,314,3,12.000000048
"psymetadata::barroso2021::barroso2021","psymetadata",-0.653468041,0.083333333,"2",2009,2,1,315,3,12.000000048
"psymetadata::barroso2021::barroso2021","psymetadata",-0.218407819,0.090909091,"2",2009,2,1,316,3,10.999999989
"psymetadata::barroso2021::barroso2021","psymetadata",-0.276863823,0.000139587,"2",2013,2,-999,317,4,7163.99091605952
"psymetadata::barroso2021::barroso2021","psymetadata",-0.161386696,0.014705882,"2",2007,2,1,318,5,68.000001632
"psymetadata::barroso2021::barroso2021","psymetadata",-0.194412895,0.005882353,"2",2015,2,1,319,5,169.9999983
"psymetadata::barroso2021::barroso2021","psymetadata",0.020002667,0.011111111,"2",2016,2,1,320,5,90.0000009
"psymetadata::barroso2021::barroso2021","psymetadata",0.010000333,0.011111111,"2",2016,2,1,321,5,90.0000009
"psymetadata::barroso2021::barroso2021","psymetadata",0.010000333,0.011111111,"2",2016,2,1,322,5,90.0000009
"psymetadata::barroso2021::barroso2021","psymetadata",-0.59014516,0.008695652,"2",2015,2,3,323,5,115.0000023
"psymetadata::barroso2021::barroso2021","psymetadata",-0.59014516,0.0078125,"2",2015,2,3,324,5,128
"psymetadata::barroso2021::barroso2021","psymetadata",-0.497311288,0.01369863,"2",2015,2,3,325,5,73.00000073
"psymetadata::barroso2021::barroso2021","psymetadata",-0.151140436,0.015625,"2",2010,2,3,326,5,64
"psymetadata::barroso2021::barroso2021","psymetadata",0.309519604,0.015625,"2",2010,2,3,327,5,64
"psymetadata::barroso2021::barroso2021","psymetadata",-0.234189467,0.023809524,"2",2010,2,3,328,5,41.999999664
"psymetadata::barroso2021::barroso2021","psymetadata",-0.13073985,0.023809524,"2",2010,2,3,329,5,41.999999664
"psymetadata::barroso2021::barroso2021","psymetadata",-0.472230804,0.022222222,"2",1998,1,-999,330,5,45.00000045
"psymetadata::barroso2021::barroso2021","psymetadata",-0.192337169,0.008849558,"2",2010,2,3,331,3,112.999993898
"psymetadata::barroso2021::barroso2021","psymetadata",-0.234189467,0.008849558,"2",2010,2,3,332,3,112.999993898
"psymetadata::barroso2021::barroso2021","psymetadata",-0.40005965,0.011111111,"2",2016,2,1,333,5,90.0000009
"psymetadata::barroso2021::barroso2021","psymetadata",-0.358622366,0.011111111,"2",2016,2,1,334,5,90.0000009
"psymetadata::barroso2021::barroso2021","psymetadata",-0.12464147,0.015873016,"2",2011,2,1,335,5,62.999999496
"psymetadata::barroso2021::barroso2021","psymetadata",-0.347323778,0.026315789,"2",2011,2,1,336,5,38.000000684
"psymetadata::barroso2021::barroso2021","psymetadata",-0.110446916,0.00729927,"2",2007,2,1,337,6,137.00000137
"psymetadata::barroso2021::barroso2021","psymetadata",-0.275785504,0.00729927,"2",2007,2,1,338,6,137.00000137
"psymetadata::barroso2021::barroso2021","psymetadata",-0.398891398,0.00729927,"2",2007,2,1,339,6,137.00000137
"psymetadata::barroso2021::barroso2021","psymetadata",-0.497311288,0.003067485,"2",1995,2,1,340,4,325.999964140004
"psymetadata::barroso2021::barroso2021","psymetadata",-0.200650085,0.038461538,"2",2012,2,1,341,5,26.000000312
"psymetadata::barroso2021::barroso2021","psymetadata",-0.060072156,0.011764706,"2",1998,2,6,342,5,84.99999915
"psymetadata::barroso2021::barroso2021","psymetadata",-0.080171325,0.011764706,"2",1998,2,6,343,5,84.99999915
"psymetadata::barroso2021::barroso2021","psymetadata",-0.080171325,0.000838223,"2",2014,2,4,344,4,1192.999953473
"psymetadata::barroso2021::barroso2021","psymetadata",-0.298566264,0.000838223,"2",2014,2,4,345,4,1192.999953473
"psymetadata::barroso2021::barroso2021","psymetadata",-0.677666068,0.004385965,"2",1996,2,1,346,3,227.99999544
"psymetadata::barroso2021::barroso2021","psymetadata",-0.447692024,0.004385965,"2",1996,2,1,347,3,227.99999544
"psymetadata::barroso2021::barroso2021","psymetadata",-0.42364893,0.015873016,"2",1996,2,1,348,3,62.999999496
"psymetadata::barroso2021::barroso2021","psymetadata",-0.604155603,0.015873016,"2",1996,2,1,349,3,62.999999496
"psymetadata::barroso2021::barroso2021","psymetadata",-0.27794277,0.01,"2",2003,2,1,350,5,100
"psymetadata::barroso2021::barroso2021","psymetadata",-0.508787577,0.01,"2",2003,2,1,351,5,100
"psymetadata::barroso2021::barroso2021","psymetadata",-0.331647109,0.003703704,"2",1999,2,1,352,3,269.999978400002
"psymetadata::barroso2021::barroso2021","psymetadata",-0.365443754,0.003703704,"2",1999,2,1,353,3,269.999978400002
"psymetadata::barroso2021::barroso2021","psymetadata",-0.42364893,0.003703704,"2",1999,2,1,354,3,269.999978400002
"psymetadata::barroso2021::barroso2021","psymetadata",-0.435611223,0.003703704,"2",1999,2,1,355,3,269.999978400002
"psymetadata::barroso2021::barroso2021","psymetadata",-0.276863823,0.003424658,"2",2002,2,3,356,3,291.999960288005
"psymetadata::barroso2021::barroso2021","psymetadata",-0.40005965,0.005813953,"2",1999,2,3,357,3,172.000014448001
"psymetadata::barroso2021::barroso2021","psymetadata",-0.221555354,0.00877193,"2",2010,2,1,358,5,113.99999772
"psymetadata::barroso2021::barroso2021","psymetadata",-0.393065551,0.015625,"2",2011,2,1,359,3,64
"psymetadata::barroso2021::barroso2021","psymetadata",-0.432010329,0.022727273,"2",2011,2,1,360,3,43.999999472
"psymetadata::barroso2021::barroso2021","psymetadata",-0.398891398,0.022727273,"2",2011,2,1,361,3,43.999999472
"psymetadata::barroso2021::barroso2021","psymetadata",-0.524284466,0.015625,"2",2011,2,1,362,3,64
"psymetadata::barroso2021::barroso2021","psymetadata",-0.040021354,0.003558719,"2",2013,2,3,363,5,280.999989041
"psymetadata::barroso2021::barroso2021","psymetadata",-0.214217711,0.006944444,"2",2011,2,3,364,5,144.000009216001
"psymetadata::barroso2021::barroso2021","psymetadata",-0.181982689,0.011363636,"2",1993,2,1,365,5,88.0000028160001
"psymetadata::barroso2021::barroso2021","psymetadata",-0.42364893,0.016393443,"2",1993,2,1,366,5,60.999998597
"psymetadata::barroso2021::barroso2021","psymetadata",-0.42364893,0.016393443,"2",1993,2,1,367,5,60.999998597
"psymetadata::barroso2021::barroso2021","psymetadata",-0.140925576,0.016393443,"2",1993,2,1,368,5,60.999998597
"psymetadata::barroso2021::barroso2021","psymetadata",-0.161386696,0.016393443,"2",1993,2,1,369,5,60.999998597
"psymetadata::barroso2021::barroso2021","psymetadata",-0.42364893,0.016393443,"2",1993,2,1,370,5,60.999998597
"psymetadata::barroso2021::barroso2021","psymetadata",-0.522984278,0.016393443,"2",1993,2,1,371,5,60.999998597
"psymetadata::barroso2021::barroso2021","psymetadata",-0.536060337,0.011363636,"2",1993,2,1,372,5,88.0000028160001
"psymetadata::barroso2021::barroso2021","psymetadata",-0.484700279,0.016393443,"2",1993,2,1,373,5,60.999998597
"psymetadata::barroso2021::barroso2021","psymetadata",-0.110446916,0.006289308,"2",2004,1,4,374,5,159.000004452
"psymetadata::barroso2021::barroso2021","psymetadata",0.090244188,0.006289308,"2",2004,1,4,375,5,159.000004452
"psymetadata::barroso2021::barroso2021","psymetadata",0.060072156,0.006289308,"2",2004,1,4,376,5,159.000004452
"psymetadata::barroso2021::barroso2021","psymetadata",0.040021354,0.006289308,"2",2004,1,4,377,5,159.000004452
"psymetadata::barroso2021::barroso2021","psymetadata",-0.070114671,0.006289308,"2",2004,1,4,378,5,159.000004452
"psymetadata::barroso2021::barroso2021","psymetadata",-0.080171325,0.006289308,"2",2004,1,4,379,5,159.000004452
"psymetadata::barroso2021::barroso2021","psymetadata",-0.100335348,0.006289308,"2",2004,1,4,380,5,159.000004452
"psymetadata::barroso2021::barroso2021","psymetadata",-0.120581028,0.006289308,"2",2004,1,4,381,5,159.000004452
"psymetadata::barroso2021::barroso2021","psymetadata",-0.309519604,0.006289308,"2",2004,1,4,382,5,159.000004452
"psymetadata::barroso2021::barroso2021","psymetadata",0.161386696,0.006289308,"2",2004,1,4,383,5,159.000004452
"psymetadata::barroso2021::barroso2021","psymetadata",-0.202732554,0.006289308,"2",2004,1,4,384,5,159.000004452
"psymetadata::barroso2021::barroso2021","psymetadata",-0.255412812,0.006289308,"2",2004,1,4,385,5,159.000004452
"psymetadata::barroso2021::barroso2021","psymetadata",-0.287682072,0.006289308,"2",2004,1,4,386,5,159.000004452
"psymetadata::barroso2021::barroso2021","psymetadata",-0.354092529,0.006289308,"2",2004,1,4,387,5,159.000004452
"psymetadata::barroso2021::barroso2021","psymetadata",-0.161386696,0.006289308,"2",2004,1,4,388,5,159.000004452
"psymetadata::barroso2021::barroso2021","psymetadata",-0.13073985,0.006289308,"2",2004,1,4,389,5,159.000004452
"psymetadata::barroso2021::barroso2021","psymetadata",-0.140925576,0.006289308,"2",2004,1,4,390,5,159.000004452
"psymetadata::barroso2021::barroso2021","psymetadata",-0.31171886,0.003267974,"2",2014,2,3,391,4,305.999986536001
"psymetadata::barroso2021::barroso2021","psymetadata",-0.003000009,0.0625,"2",2014,2,1,392,3,16
"psymetadata::barroso2021::barroso2021","psymetadata",-0.33834603,0.0625,"2",2014,2,1,393,3,16
"psymetadata::barroso2021::barroso2021","psymetadata",-0.20690272,0.012345679,"2",2013,2,1,394,4,81.000000081
"psymetadata::barroso2021::barroso2021","psymetadata",-0.060072156,0.013157895,"2",2013,2,3,395,3,75.99999848
"psymetadata::barroso2021::barroso2021","psymetadata",-0.646042831,0.01754386,"2",2013,2,1,396,6,56.99999886
"psymetadata::barroso2021::barroso2021","psymetadata",-0.140925576,0.003597122,"2",2016,2,1,397,1,278.000023352002
"psymetadata::barroso2021::barroso2021","psymetadata",-0.060072156,0.003597122,"2",2016,2,1,398,1,278.000023352002
"psymetadata::barroso2021::barroso2021","psymetadata",-0.080171325,0.003597122,"2",2016,2,1,399,1,278.000023352002
"psymetadata::barroso2021::barroso2021","psymetadata",-0.192337169,0.003597122,"2",2016,2,1,400,1,278.000023352002
"psymetadata::barroso2021::barroso2021","psymetadata",-0.13073985,0.003597122,"2",2016,2,1,401,1,278.000023352002
"psymetadata::barroso2021::barroso2021","psymetadata",-0.202732554,0.003597122,"2",2016,2,1,402,1,278.000023352002
"psymetadata::barroso2021::barroso2021","psymetadata",-0.192337169,0.002298851,"2",2013,2,1,403,2,434.999919525015
"psymetadata::barroso2021::barroso2021","psymetadata",-0.192337169,0.016666667,"2",2007,2,3,404,2,59.9999988
"psymetadata::barroso2021::barroso2021","psymetadata",-0.238417017,0.018181818,"2",2015,2,1,405,5,55.00000055
"psymetadata::barroso2021::barroso2021","psymetadata",-0.318334288,0.018181818,"2",2015,2,1,406,5,55.00000055
"psymetadata::barroso2021::barroso2021","psymetadata",-0.183016366,0.018518519,"2",2015,2,1,407,5,53.999998596
"psymetadata::barroso2021::barroso2021","psymetadata",-0.309519604,0.018518519,"2",2015,2,1,408,5,53.999998596
"psymetadata::barroso2021::barroso2021","psymetadata",-0.354092529,0.019230769,"2",2015,2,1,409,5,52.000000624
"psymetadata::barroso2021::barroso2021","psymetadata",0.005000042,0.005494505,"2",2014,2,1,410,5,182.000016380001
"psymetadata::barroso2021::barroso2021","psymetadata",-0.601336629,0.020408163,"2",2009,2,3,411,5,49.000000637
"psymetadata::barroso2021::barroso2021","psymetadata",-0.439222781,0.020408163,"2",2009,2,3,412,5,49.000000637
"psymetadata::barroso2021::barroso2021","psymetadata",-0.583217443,0.020408163,"2",2009,2,3,413,5,49.000000637
"psymetadata::barroso2021::barroso2021","psymetadata",-0.237359351,0.003322259,"2",2009,1,1,414,5,301.000012341001
"psymetadata::barroso2021::barroso2021","psymetadata",-0.312819583,0.038461538,"2",2009,2,1,415,5,26.000000312
"psymetadata::barroso2021::barroso2021","psymetadata",0.040021354,0.012987013,"2",1994,2,1,416,4,76.999999923
"psymetadata::barroso2021::barroso2021","psymetadata",0.053049709,0.021276596,"2",2014,2,1,417,3,46.999999436
"psymetadata::barroso2021::barroso2021","psymetadata",-0.031009936,0.021276596,"2",2014,2,1,418,3,46.999999436
"psymetadata::barroso2021::barroso2021","psymetadata",-0.331647109,0.011764706,"2",2007,2,4,419,5,84.99999915
"psymetadata::barroso2021::barroso2021","psymetadata",-0.183016366,0.018867925,"2",2013,2,3,420,2,52.999998675
"psymetadata::barroso2021::barroso2021","psymetadata",-0.245835504,0.018867925,"2",2013,2,3,421,2,52.999998675
"psymetadata::barroso2021::barroso2021","psymetadata",-0.196490276,0.018867925,"2",2013,2,3,422,2,52.999998675
"psymetadata::barroso2021::barroso2021","psymetadata",-0.254346429,0.018867925,"2",2013,2,3,423,2,52.999998675
"psymetadata::barroso2021::barroso2021","psymetadata",0.458670484,0.00729927,"2",2015,2,4,424,4,137.00000137
"psymetadata::barroso2021::barroso2021","psymetadata",-0.258615385,0.00591716,"2",2009,2,1,425,5,168.99999324
"psymetadata::barroso2021::barroso2021","psymetadata",-0.205859519,0.003891051,"2",2009,2,1,426,5,256.999972501003
"psymetadata::barroso2021::barroso2021","psymetadata",-0.179916485,0.005617978,"2",2009,2,1,427,5,177.999985048001
"psymetadata::barroso2021::barroso2021","psymetadata",-0.096296554,0.00877193,"2",2009,2,1,428,5,113.99999772
"psymetadata::barroso2021::barroso2021","psymetadata",-0.320545409,0.008264463,"2",2003,2,1,429,5,120.999997217
"psymetadata::barroso2021::barroso2021","psymetadata",-0.435611223,0.008264463,"2",2003,2,1,430,5,120.999997217
"psymetadata::barroso2021::barroso2021","psymetadata",-0.354092529,0.008264463,"2",2003,2,1,431,5,120.999997217
"psymetadata::barroso2021::barroso2021","psymetadata",-0.497311288,0.008264463,"2",2003,2,1,432,5,120.999997217
"psymetadata::barroso2021::barroso2021","psymetadata",-0.223656109,0.013333333,"2",2011,2,1,433,1,75.0000018750001
"psymetadata::barroso2021::barroso2021","psymetadata",-0.320545409,0.013333333,"2",2011,2,1,434,1,75.0000018750001
"psymetadata::barroso2021::barroso2021","psymetadata",-0.44526613,0.00456621,"2",2013,2,5,435,4,219.00000219
"psymetadata::barroso2021::barroso2021","psymetadata",-0.192337169,0.004761905,"2",2013,2,5,436,4,209.999989500001
"psymetadata::barroso2021::barroso2021","psymetadata",-0.323867791,0.000912409,"2",2009,2,5,437,4,1095.99971065608
"psymetadata::barroso2021::barroso2021","psymetadata",-0.412979962,0.002645503,"2",2015,2,1,438,3,377.999949348007
"psymetadata::barroso2021::barroso2021","psymetadata",-0.213171347,0.008333333,"2",2008,2,1,439,3,120.0000048
"psymetadata::barroso2021::barroso2021","psymetadata",-0.302939119,0.006134969,"2",2012,1,1,440,5,163.000008639
"psymetadata::barroso2021::barroso2021","psymetadata",-0.159334822,0.015625,"2",1997,2,1,441,5,64
"psymetadata::barroso2021::barroso2021","psymetadata",-0.090244188,0.011363636,"2",1994,2,1,442,5,88.0000028160001
"psymetadata::barroso2021::barroso2021","psymetadata",-0.244774113,0.002849003,"2",2015,1,3,443,5,350.999981397001
"psymetadata::barroso2021::barroso2021","psymetadata",-0.276863823,0.002849003,"2",2015,1,3,444,5,350.999981397001
"psymetadata::barroso2021::barroso2021","psymetadata",-0.309519604,0.002849003,"2",2015,1,3,445,5,350.999981397001
"psymetadata::barroso2021::barroso2021","psymetadata",-0.309519604,0.002849003,"2",2015,1,3,446,5,350.999981397001
"psymetadata::barroso2021::barroso2021","psymetadata",-0.331647109,0.002849003,"2",2015,1,3,447,5,350.999981397001
"psymetadata::barroso2021::barroso2021","psymetadata",-0.354092529,0.002849003,"2",2015,1,3,448,5,350.999981397001
"psymetadata::barroso2021::barroso2021","psymetadata",-0.376885901,0.002849003,"2",2015,1,3,449,5,350.999981397001
"psymetadata::barroso2021::barroso2021","psymetadata",-0.40005965,0.002849003,"2",2015,1,3,450,5,350.999981397001
"psymetadata::barroso2021::barroso2021","psymetadata",-0.151140436,0.004878049,"2",1994,2,4,451,5,204.999990775
"psymetadata::barroso2021::barroso2021","psymetadata",-0.192337169,0.004878049,"2",1994,2,4,452,5,204.999990775
"psymetadata::barroso2021::barroso2021","psymetadata",-0.243713262,0.03125,"2",2016,2,4,453,5,32
"psymetadata::barroso2021::barroso2021","psymetadata",-0.288767472,0.03125,"2",2016,2,4,454,5,32
"psymetadata::barroso2021::barroso2021","psymetadata",-0.298566264,0.0078125,"2",2008,2,1,455,2,128
"psymetadata::barroso2021::barroso2021","psymetadata",-0.365443754,0.0078125,"2",2008,2,1,456,2,128
"psymetadata::barroso2021::barroso2021","psymetadata",-0.3884231,0.0078125,"2",2008,2,1,457,2,128
"psymetadata::barroso2021::barroso2021","psymetadata",-0.13073985,0.025641026,"2",2014,2,3,458,3,38.999999454
"psymetadata::barroso2021::barroso2021","psymetadata",-0.192337169,0.025641026,"2",2014,2,3,459,3,38.999999454
"psymetadata::barroso2021::barroso2021","psymetadata",-0.080171325,0.034482759,"2",2014,2,3,460,3,28.999999681
"psymetadata::barroso2021::barroso2021","psymetadata",-0.376885901,0.034482759,"2",2014,2,3,461,3,28.999999681
"psymetadata::barroso2021::barroso2021","psymetadata",-0.140925576,0.004694836,"2",1993,2,1,462,4,212.999985516001
"psymetadata::barroso2021::barroso2021","psymetadata",-0.140925576,0.004694836,"2",1993,2,1,463,4,212.999985516001
"psymetadata::barroso2021::barroso2021","psymetadata",-0.223656109,0.004694836,"2",1993,2,1,464,4,212.999985516001
"psymetadata::barroso2021::barroso2021","psymetadata",-0.234189467,0.004694836,"2",1993,2,1,465,4,212.999985516001
"psymetadata::barroso2021::barroso2021","psymetadata",-0.298566264,0.004694836,"2",1993,2,1,466,4,212.999985516001
"psymetadata::barroso2021::barroso2021","psymetadata",-0.298566264,0.004694836,"2",1993,2,1,467,4,212.999985516001
"psymetadata::barroso2021::barroso2021","psymetadata",-0.376885901,0.005617978,"2",2015,2,1,468,5,177.999985048001
"psymetadata::barroso2021::barroso2021","psymetadata",-0.320545409,0.005524862,"2",2012,2,1,469,5,180.999996018
"psymetadata::barroso2021::barroso2021","psymetadata",-0.365443754,0.006666667,"2",2012,2,1,470,5,149.9999925
"psymetadata::barroso2021::barroso2021","psymetadata",-0.342828254,0.005524862,"2",2012,2,1,471,5,180.999996018
"psymetadata::barroso2021::barroso2021","psymetadata",-0.276863823,0.005747126,"2",2012,2,1,472,5,174.000013224001
"psymetadata::barroso2021::barroso2021","psymetadata",-0.354092529,0.006666667,"2",2012,2,1,473,5,149.9999925
"psymetadata::barroso2021::barroso2021","psymetadata",-0.411800034,0.000201005,"2",2015,2,1,474,4,4975.00062187508
"psymetadata::barroso2021::barroso2021","psymetadata",-0.152163611,0.005847953,"2",2015,2,1,475,2,171.000006327
"psymetadata::barroso2021::barroso2021","psymetadata",-0.196490276,0.005847953,"2",2015,2,1,476,2,171.000006327
"psymetadata::barroso2021::barroso2021","psymetadata",-0.329420529,0.005847953,"2",2015,2,1,477,2,171.000006327
"psymetadata::barroso2021::barroso2021","psymetadata",-0.370009475,0.005847953,"2",2015,2,1,478,2,171.000006327
"psymetadata::barroso2021::barroso2021","psymetadata",-0.342828254,0.000217675,"2",2009,2,3,479,4,4594.00482370507
"psymetadata::barroso2021::barroso2021","psymetadata",-0.342828254,0.00022477,"2",2009,2,2,480,4,4448.99230324332
"psymetadata::barroso2021::barroso2021","psymetadata",-0.309519604,0.000223464,"2",2009,2,4,481,4,4474.99373500877
"psymetadata::barroso2021::barroso2021","psymetadata",-0.320545409,0.000801925,"2",2009,2,4,482,4,1246.99940767528
"psymetadata::barroso2021::barroso2021","psymetadata",-0.472230804,0.000158303,"2",2009,2,3,483,4,6316.99967783302
"psymetadata::barroso2021::barroso2021","psymetadata",-0.562729769,0.000237248,"2",2009,2,3,484,4,4214.99865120043
"psymetadata::barroso2021::barroso2021","psymetadata",-0.484700279,0.000172622,"2",2009,2,3,485,4,5793.00436792529
"psymetadata::barroso2021::barroso2021","psymetadata",-0.276863823,0.000232721,"2",2009,2,3,486,4,4296.99081733062
"psymetadata::barroso2021::barroso2021","psymetadata",-0.376885901,0.000216263,"2",2009,2,3,487,4,4623.99948211206
"psymetadata::barroso2021::barroso2021","psymetadata",-0.354092529,0.000209996,"2",2009,2,3,488,4,4761.99546658032
"psymetadata::barroso2021::barroso2021","psymetadata",-0.435611223,0.000298775,"2",2009,2,3,489,4,3347.00025102502
"psymetadata::barroso2021::barroso2021","psymetadata",-0.120581028,9.2954e-05,"2",2009,2,4,490,4,10758.0093379521
"psymetadata::barroso2021::barroso2021","psymetadata",-0.40005965,0.000257533,"2",2009,2,3,491,4,3882.99751876459
"psymetadata::barroso2021::barroso2021","psymetadata",-0.161386696,0.000212585,"2",2009,2,4,492,4,4704.00075264012
"psymetadata::barroso2021::barroso2021","psymetadata",-0.255412812,0.00018379,"2",2009,2,4,493,4,5440.99243702051
"psymetadata::barroso2021::barroso2021","psymetadata",-0.472230804,0.000216263,"2",2009,2,3,494,4,4623.99948211206
"psymetadata::barroso2021::barroso2021","psymetadata",-0.342828254,0.000255102,"2",2009,2,3,495,4,3920.0006272001
"psymetadata::barroso2021::barroso2021","psymetadata",-0.331647109,3.3356e-05,"2",2009,2,1,496,4,29979.6138625735
"psymetadata::barroso2021::barroso2021","psymetadata",-0.266108407,0.000250689,"2",2009,2,3,497,4,3989.00629864095
"psymetadata::barroso2021::barroso2021","psymetadata",-0.484700279,0.000221828,"2",2009,2,6,498,4,4507.99718700976
"psymetadata::barroso2021::barroso2021","psymetadata",-0.549306144,0.000246245,"2",2009,2,3,499,4,4060.99616235863
"psymetadata::barroso2021::barroso2021","psymetadata",-0.536060337,0.000228206,"2",2009,2,3,500,4,4382.0057316635
"psymetadata::barroso2021::barroso2021","psymetadata",-0.3884231,0.000217155,"2",2009,2,3,501,4,4605.00564113191
"psymetadata::barroso2021::barroso2021","psymetadata",-0.411800034,0.000167476,"2",2009,2,4,502,4,5971.00480068786
"psymetadata::barroso2021::barroso2021","psymetadata",-0.459896681,0.000136184,"2",2009,2,3,503,4,7343.00652058979
"psymetadata::barroso2021::barroso2021","psymetadata",-0.320545409,9.2696e-05,"2",2009,2,3,504,4,10787.9520151894
"psymetadata::barroso2021::barroso2021","psymetadata",-0.484700279,0.000234687,"2",2009,2,3,505,4,4260.99443088028
"psymetadata::barroso2021::barroso2021","psymetadata",-0.151140436,0.000191095,"2",2009,2,4,506,4,5232.99929354509
"psymetadata::barroso2021::barroso2021","psymetadata",-0.192337169,0.000211954,"2",2009,2,5,507,4,4718.00485010899
"psymetadata::barroso2021::barroso2021","psymetadata",-0.342828254,0.000206101,"2",2009,2,4,508,4,4851.99004371643
"psymetadata::barroso2021::barroso2021","psymetadata",-0.342828254,0.00010491,"2",2009,2,3,509,4,9531.97979220284
"psymetadata::barroso2021::barroso2021","psymetadata",-0.365443754,0.000171468,"2",2009,2,2,510,4,5831.99197517904
"psymetadata::barroso2021::barroso2021","psymetadata",-0.354092529,0.000227169,"2",2009,2,3,511,4,4402.00907694272
"psymetadata::barroso2021::barroso2021","psymetadata",-0.3884231,7.9694e-05,"2",2009,2,6,512,4,12547.9960850252
"psymetadata::barroso2021::barroso2021","psymetadata",-0.365443754,8.594e-05,"2",2009,2,3,513,4,11636.0251338143
"psymetadata::barroso2021::barroso2021","psymetadata",-0.354092529,0.000214731,"2",2009,2,3,514,4,4656.98944260493
"psymetadata::barroso2021::barroso2021","psymetadata",-0.447692024,3.5778e-05,"2",2009,2,1,515,4,27950.1369556711
"psymetadata::barroso2021::barroso2021","psymetadata",-0.42364893,0.000183385,"2",2009,2,1,516,4,5453.00869754887
"psymetadata::barroso2021::barroso2021","psymetadata",-0.320545409,0.003039514,"2",2009,2,1,517,4,328.999965126004
"psymetadata::barroso2021::barroso2021","psymetadata",-0.171666664,0.001988072,"2",2014,2,1,518,3,502.999891352023
"psymetadata::barroso2021::barroso2021","psymetadata",-0.266108407,0.006756757,"2",1994,1,4,519,5,147.999994672
"psymetadata::barroso2021::barroso2021","psymetadata",-0.40005965,0.006756757,"2",1994,1,4,520,5,147.999994672
"psymetadata::barroso2021::barroso2021","psymetadata",-0.110446916,0.006756757,"2",1994,1,4,521,5,147.999994672
"psymetadata::barroso2021::barroso2021","psymetadata",-0.411800034,0.006756757,"2",1994,1,4,522,5,147.999994672
"psymetadata::barroso2021::barroso2021","psymetadata",-0.255412812,0.006756757,"2",1994,1,4,523,5,147.999994672
"psymetadata::barroso2021::barroso2021","psymetadata",-0.647522845,0.006756757,"2",1994,1,4,524,5,147.999994672
"psymetadata::barroso2021::barroso2021","psymetadata",-0.537377149,0.01369863,"2",2014,2,6,525,4,73.00000073
"psymetadata::barroso2021::barroso2021","psymetadata",-0.646042831,0.01369863,"2",2014,2,6,526,4,73.00000073
"psymetadata::barroso2021::barroso2021","psymetadata",-0.68382435,0.01369863,"2",2014,2,6,527,4,73.00000073
"psymetadata::barroso2021::barroso2021","psymetadata",-0.682280562,0.016129032,"2",2014,2,6,528,4,62.000000992
"psymetadata::barroso2021::barroso2021","psymetadata",-0.277619019,0.010526316,"2",2015,2,4,529,1,94.9999981
"psymetadata::barroso2021::barroso2021","psymetadata",-0.328308421,0.010526316,"2",2015,2,4,530,1,94.9999981
"psymetadata::barroso2021::barroso2021","psymetadata",-0.42364893,0.010526316,"2",2015,2,4,531,1,94.9999981
"psymetadata::barroso2021::barroso2021","psymetadata",-0.436813884,0.010526316,"2",2015,2,4,532,1,94.9999981
"psymetadata::barroso2021::barroso2021","psymetadata",-0.168578995,0.024390244,"2",2016,2,1,533,1,40.999999836
"psymetadata::barroso2021::barroso2021","psymetadata",-0.184050431,0.024390244,"2",2016,2,1,534,1,40.999999836
"psymetadata::barroso2021::barroso2021","psymetadata",-0.220505698,0.024390244,"2",2016,2,1,535,1,40.999999836
"psymetadata::barroso2021::barroso2021","psymetadata",-0.225758808,0.024390244,"2",2016,2,1,536,1,40.999999836
"psymetadata::barroso2021::barroso2021","psymetadata",-0.320545409,0.024390244,"2",2016,2,1,537,1,40.999999836
"psymetadata::barroso2021::barroso2021","psymetadata",-0.457445576,0.024390244,"2",2016,2,1,538,1,40.999999836
"psymetadata::barroso2021::barroso2021","psymetadata",-0.111459277,0.043478261,"2",2016,2,1,539,1,22.999999931
"psymetadata::barroso2021::barroso2021","psymetadata",-0.208990458,0.043478261,"2",2016,2,1,540,1,22.999999931
"psymetadata::barroso2021::barroso2021","psymetadata",-0.215264538,0.043478261,"2",2016,2,1,541,1,22.999999931
"psymetadata::barroso2021::barroso2021","psymetadata",-0.484700279,0.043478261,"2",2016,2,1,542,1,22.999999931
"psymetadata::barroso2021::barroso2021","psymetadata",-0.493512743,0.043478261,"2",2016,2,1,543,1,22.999999931
"psymetadata::barroso2021::barroso2021","psymetadata",-0.612664516,0.043478261,"2",2016,2,1,544,1,22.999999931
"psymetadata::barroso2021::barroso2021","psymetadata",-0.451340166,0.027027027,"2",2015,2,1,545,1,37.000000037
"psymetadata::barroso2021::barroso2021","psymetadata",0.030009005,0.038461538,"2",2012,2,1,546,5,26.000000312
"psymetadata::barroso2021::barroso2021","psymetadata",-0.063083548,0.038461538,"2",2012,2,1,547,5,26.000000312
"psymetadata::barroso2021::barroso2021","psymetadata",-0.220505698,0.038461538,"2",2012,2,1,548,5,26.000000312
"psymetadata::barroso2021::barroso2021","psymetadata",-0.430812377,0.038461538,"2",2012,2,1,549,5,26.000000312
"psymetadata::barroso2021::barroso2021","psymetadata",-0.274707811,0.047619048,"2",2013,2,1,550,5,20.999999832
"psymetadata::barroso2021::barroso2021","psymetadata",-0.519093409,0.047619048,"2",2013,2,1,551,5,20.999999832
"psymetadata::barroso2021::barroso2021","psymetadata",-0.546643022,0.047619048,"2",2013,2,1,552,5,20.999999832
"psymetadata::barroso2021::barroso2021","psymetadata",-0.50750636,0.052631579,"2",2013,2,1,553,5,18.999999981
"psymetadata::barroso2021::barroso2021","psymetadata",-0.156259498,0.001901141,"2",2016,2,1,554,2,525.999912684014
"psymetadata::barroso2021::barroso2021","psymetadata",-0.192337169,0.012048193,"2",2016,2,1,555,5,82.999998423
"psymetadata::barroso2021::barroso2021","psymetadata",-0.223656109,0.012195122,"2",2016,2,1,556,5,81.999999672
"psymetadata::barroso2021::barroso2021","psymetadata",-0.276863823,0.012195122,"2",2016,2,1,557,5,81.999999672
"psymetadata::barroso2021::barroso2021","psymetadata",-0.342828254,0.01,"2",2015,2,3,558,5,100
"psymetadata::barroso2021::barroso2021","psymetadata",-0.549306144,0.016666667,"2",2016,2,1,559,5,59.9999988
"psymetadata::barroso2021::barroso2021","psymetadata",-0.13073985,0.016666667,"2",2016,2,1,560,5,59.9999988
"psymetadata::barroso2021::barroso2021","psymetadata",-0.181982689,0.016666667,"2",2016,2,1,561,5,59.9999988
"psymetadata::barroso2021::barroso2021","psymetadata",-0.213171347,0.016666667,"2",2016,2,1,562,5,59.9999988
"psymetadata::barroso2021::barroso2021","psymetadata",-0.234189467,0.016666667,"2",2016,2,1,563,5,59.9999988
"psymetadata::barroso2021::barroso2021","psymetadata",-0.298566264,0.016666667,"2",2016,2,1,564,5,59.9999988
"psymetadata::barroso2021::barroso2021","psymetadata",-0.320545409,0.016666667,"2",2016,2,1,565,5,59.9999988
"psymetadata::barroso2021::barroso2021","psymetadata",-0.459896681,0.016666667,"2",2016,2,1,566,5,59.9999988
"psymetadata::barroso2021::barroso2021","psymetadata",-0.309519604,0.011494253,"2",2016,2,1,567,5,86.999999043
"psymetadata::barroso2021::barroso2021","psymetadata",-0.3884231,0.011494253,"2",2016,2,1,568,5,86.999999043
"psymetadata::barroso2021::barroso2021","psymetadata",-0.459896681,0.011494253,"2",2016,2,1,569,5,86.999999043
"psymetadata::barroso2021::barroso2021","psymetadata",-0.320545409,0.001449275,"2",2014,2,1,570,5,690.000172500043
"psymetadata::barroso2021::barroso2021","psymetadata",-0.151140436,0.006756757,"2",2016,2,1,571,5,147.999994672
"psymetadata::barroso2021::barroso2021","psymetadata",-0.080171325,0.006756757,"2",2016,2,1,572,5,147.999994672
"psymetadata::barroso2021::barroso2021","psymetadata",-0.13073985,0.006756757,"2",2016,2,1,573,5,147.999994672
"psymetadata::barroso2021::barroso2021","psymetadata",-0.192337169,0.006756757,"2",2016,2,1,574,5,147.999994672
"psymetadata::barroso2021::barroso2021","psymetadata",-0.213171347,0.006756757,"2",2016,2,1,575,5,147.999994672
"psymetadata::barroso2021::barroso2021","psymetadata",-0.266108407,0.006756757,"2",2016,2,1,576,5,147.999994672
"psymetadata::barroso2021::barroso2021","psymetadata",-0.298566264,0.006756757,"2",2016,2,1,577,5,147.999994672
"psymetadata::barroso2021::barroso2021","psymetadata",-0.223656109,0.00257732,"2",2014,2,1,578,5,387.99993792001
"psymetadata::barroso2021::barroso2021","psymetadata",-0.234189467,0.002538071,"2",2016,2,-999,579,6,394.000010244
"psymetadata::barroso2021::barroso2021","psymetadata",-0.18611973,0.007692308,"2",2015,2,3,580,1,129.9999948
"psymetadata::barroso2021::barroso2021","psymetadata",-0.212125441,0.006756757,"2",2016,2,3,581,2,147.999994672
"psymetadata::barroso2021::barroso2021","psymetadata",-0.036015564,0.007633588,"2",2016,2,3,582,2,130.999996332
"psymetadata::barroso2021::barroso2021","psymetadata",0.020002667,0.007936508,"2",2016,2,3,583,2,125.999998992
"psymetadata::barroso2021::barroso2021","psymetadata",0.070114671,0.007936508,"2",2016,2,3,584,2,125.999998992
"psymetadata::barroso2021::barroso2021","psymetadata",-0.110446916,0.009803922,"2",2016,2,3,585,2,101.999995512
"psymetadata::barroso2021::barroso2021","psymetadata",-0.181982689,0.012345679,"2",2016,2,3,586,2,81.000000081
"psymetadata::barroso2021::barroso2021","psymetadata",-0.171666664,0.01,"2",2016,2,3,587,1,100
"psymetadata::barroso2021::barroso2021","psymetadata",0.050041729,0.015151515,"2",2016,2,3,588,1,66.00000066
"psymetadata::barroso2021::barroso2021","psymetadata",-0.140925576,0.012658228,"2",2016,2,3,589,1,78.999999052
"psymetadata::barroso2021::barroso2021","psymetadata",-0.202732554,0.011627907,"2",2016,2,3,590,1,85.999999828
"psymetadata::barroso2021::barroso2021","psymetadata",-0.59014516,0.008333333,"2",2016,2,1,591,5,120.0000048
"psymetadata::barroso2021::barroso2021","psymetadata",-0.604155603,0.008333333,"2",2016,2,1,592,5,120.0000048
"psymetadata::barroso2021::barroso2021","psymetadata",-0.020002667,0.007751938,"2",2017,2,1,593,5,128.999999742
"psymetadata::barroso2021::barroso2021","psymetadata",-0.359757028,0.004716981,"2",2016,2,4,594,3,212.000005936
"psymetadata::barroso2021::barroso2021","psymetadata",-0.195451377,0.004587156,"2",2016,2,4,595,2,217.999998256
"psymetadata::barroso2021::barroso2021","psymetadata",-0.320545409,0.005,"2",2016,2,4,596,5,200
"psymetadata::barroso2021::barroso2021","psymetadata",-0.105388448,0.058823529,"2",2017,2,1,597,6,17.000000119
"psymetadata::barroso2021::barroso2021","psymetadata",-0.140925576,0.058823529,"2",2017,2,1,598,5,17.000000119
"psymetadata::barroso2021::barroso2021","psymetadata",-0.362029024,0.058823529,"2",2017,2,1,599,5,17.000000119
"psymetadata::barroso2021::barroso2021","psymetadata",-0.534745221,0.058823529,"2",2017,2,1,600,6,17.000000119
"psymetadata::barroso2021::barroso2021","psymetadata",-0.298566264,0.00120919,"2",2018,2,3,601,2,826.999892490014
"psymetadata::barroso2021::barroso2021","psymetadata",-0.161386696,0.004255319,"2",2018,2,3,602,3,235.000008225
"psymetadata::barroso2021::barroso2021","psymetadata",-0.331647109,0.001457726,"2",2018,2,3,603,3,685.999975304001
"psymetadata::barroso2021::barroso2021","psymetadata",-0.234189467,0.003058104,"2",2017,2,1,604,1,326.999997384
"psymetadata::barroso2021::barroso2021","psymetadata",-0.40005965,0.003058104,"2",2017,2,1,605,1,326.999997384
"psymetadata::barroso2021::barroso2021","psymetadata",-0.295293894,0.003717472,"2",2017,2,1,606,5,269.000008608
"psymetadata::barroso2021::barroso2021","psymetadata",-0.287682072,0.004739336,"2",2016,2,1,607,5,211.000021944002
"psymetadata::barroso2021::barroso2021","psymetadata",-0.181982689,0.004739336,"2",2016,2,1,608,5,211.000021944002
"psymetadata::barroso2021::barroso2021","psymetadata",-0.181982689,0.004739336,"2",2016,2,1,609,5,211.000021944002
"psymetadata::barroso2021::barroso2021","psymetadata",-0.276863823,0.004739336,"2",2016,2,1,610,5,211.000021944002
"psymetadata::barroso2021::barroso2021","psymetadata",-0.120581028,0.012987013,"2",2017,2,3,611,2,76.999999923
"psymetadata::barroso2021::barroso2021","psymetadata",0.120581028,0.012987013,"2",2017,2,3,612,2,76.999999923
"psymetadata::barroso2021::barroso2021","psymetadata",0.140925576,0.012987013,"2",2017,2,3,613,2,76.999999923
"psymetadata::barroso2021::barroso2021","psymetadata",0.213171347,0.012987013,"2",2017,2,3,614,2,76.999999923
"psymetadata::barroso2021::barroso2021","psymetadata",0.223656109,0.012987013,"2",2017,2,3,615,2,76.999999923
"psymetadata::barroso2021::barroso2021","psymetadata",0.244774113,0.012987013,"2",2017,2,3,616,2,76.999999923
"psymetadata::barroso2021::barroso2021","psymetadata",-0.376885901,0.012987013,"2",2017,2,3,617,2,76.999999923
"psymetadata::barroso2021::barroso2021","psymetadata",-0.320545409,0.012987013,"2",2017,2,3,618,2,76.999999923
"psymetadata::barroso2021::barroso2021","psymetadata",-0.320545409,0.012987013,"2",2017,2,3,619,2,76.999999923
"psymetadata::barroso2021::barroso2021","psymetadata",-0.708921359,0.005128205,"2",2017,2,3,620,1,195.000004875
"psymetadata::barroso2021::barroso2021","psymetadata",-0.040021354,0.005128205,"2",2017,2,3,621,1,195.000004875
"psymetadata::barroso2021::barroso2021","psymetadata",-0.010000333,0.005128205,"2",2017,2,3,622,1,195.000004875
"psymetadata::barroso2021::barroso2021","psymetadata",-0.459896681,0.013157895,"2",2017,2,-999,623,5,75.99999848
"psymetadata::barroso2021::barroso2021","psymetadata",-0.365443754,0.013157895,"2",2017,2,-999,624,5,75.99999848
"psymetadata::barroso2021::barroso2021","psymetadata",0.020002667,0.012195122,"2",2017,2,1,625,5,81.999999672
"psymetadata::barroso2021::barroso2021","psymetadata",-0.13073985,0.012195122,"2",2017,2,1,626,5,81.999999672
"psymetadata::barroso2021::barroso2021","psymetadata",-0.234189467,0.004587156,"2",2016,2,1,627,5,217.999998256
"psymetadata::barroso2021::barroso2021","psymetadata",-0.205859519,0.00462963,"2",2016,2,1,628,5,215.999982720001
"psymetadata::barroso2021::barroso2021","psymetadata",-0.205859519,0.005025126,"2",2016,2,1,629,5,198.999985274001
"psymetadata::barroso2021::barroso2021","psymetadata",-0.330533423,0.005025126,"2",2016,2,1,630,5,198.999985274001
"psymetadata::barroso2021::barroso2021","psymetadata",-0.487210954,0.005025126,"2",2016,2,1,631,5,198.999985274001
"psymetadata::barroso2021::barroso2021","psymetadata",-0.330533423,0.005586592,"2",2016,2,1,632,5,179.000005728
"psymetadata::barroso2021::barroso2021","psymetadata",-0.078158764,0.01369863,"2",2018,2,4,633,5,73.00000073
"psymetadata::barroso2021::barroso2021","psymetadata",0.0852056,0.01369863,"2",2018,2,4,634,5,73.00000073
"psymetadata::barroso2021::barroso2021","psymetadata",0.021003088,0.01369863,"2",2018,2,4,635,5,73.00000073
"psymetadata::barroso2021::barroso2021","psymetadata",-0.276863823,0.006097561,"2",2017,2,3,636,2,163.999999344
"psymetadata::barroso2021::barroso2021","psymetadata",-0.266108407,0.006097561,"2",2017,2,3,637,2,163.999999344
"psymetadata::barroso2021::barroso2021","psymetadata",-0.161386696,0.001785714,"2",2017,2,3,638,3,560.000089600014
"psymetadata::barroso2021::barroso2021","psymetadata",-0.40005965,0.001785714,"2",2017,2,3,639,3,560.000089600014
"psymetadata::barroso2021::barroso2021","psymetadata",-0.3884231,0.001785714,"2",2017,2,3,640,3,560.000089600014
"psymetadata::barroso2021::barroso2021","psymetadata",-0.126673217,0.004504505,"2",2017,2,3,641,5,221.999975580003
"psymetadata::barroso2021::barroso2021","psymetadata",-0.210035,0.004504505,"2",2017,2,3,642,5,221.999975580003
"psymetadata::barroso2021::barroso2021","psymetadata",-0.342828254,0.004504505,"2",2017,2,3,643,5,221.999975580003
"psymetadata::barroso2021::barroso2021","psymetadata",0.005000042,0.004504505,"2",2017,2,3,644,5,221.999975580003
"psymetadata::barroso2021::barroso2021","psymetadata",-0.012000576,0.004504505,"2",2017,2,3,645,5,221.999975580003
"psymetadata::barroso2021::barroso2021","psymetadata",-0.123625981,0.004504505,"2",2017,2,3,646,5,221.999975580003
"psymetadata::barroso2021::barroso2021","psymetadata",0.002000003,0.004504505,"2",2017,2,3,647,5,221.999975580003
"psymetadata::barroso2021::barroso2021","psymetadata",-0.050041729,0.004504505,"2",2017,2,3,648,5,221.999975580003
"psymetadata::barroso2021::barroso2021","psymetadata",-0.115511019,0.004504505,"2",2017,2,3,649,5,221.999975580003
"psymetadata::barroso2021::barroso2021","psymetadata",-0.078158764,0.004504505,"2",2017,2,3,650,5,221.999975580003
"psymetadata::barroso2021::barroso2021","psymetadata",-0.119566541,0.004504505,"2",2017,2,3,651,5,221.999975580003
"psymetadata::barroso2021::barroso2021","psymetadata",-0.126673217,0.004504505,"2",2017,2,3,652,5,221.999975580003
"psymetadata::barroso2021::barroso2021","psymetadata",-0.262893582,0.016666667,"2",2017,2,4,653,4,59.9999988
"psymetadata::barroso2021::barroso2021","psymetadata",-0.31171886,0.016666667,"2",2017,2,4,654,4,59.9999988
"psymetadata::barroso2021::barroso2021","psymetadata",-0.104377407,0.013513514,"2",2017,2,3,655,3,73.9999973360001
"psymetadata::barroso2021::barroso2021","psymetadata",-0.263964597,0.013513514,"2",2017,2,3,656,3,73.9999973360001
"psymetadata::barroso2021::barroso2021","psymetadata",-0.287682072,0.041666667,"2",2017,2,4,657,3,23.999999808
"psymetadata::barroso2021::barroso2021","psymetadata",-0.447692024,0.041666667,"2",2017,2,4,658,3,23.999999808
"psymetadata::barroso2021::barroso2021","psymetadata",-0.265036204,0.001236094,"2",2017,2,1,659,1,808.999962786002
"psymetadata::barroso2021::barroso2021","psymetadata",-0.266108407,0.001236094,"2",2017,2,1,660,1,808.999962786002
"psymetadata::barroso2021::barroso2021","psymetadata",0.566792795,0.083333333,"1",2017,2,2,661,2,12.000000048
"psymetadata::barroso2021::barroso2021","psymetadata",0.203774438,0.083333333,"1",2017,2,2,662,2,12.000000048
"psymetadata::barroso2021::barroso2021","psymetadata",0.18715497,0.083333333,"1",2017,2,2,663,2,12.000000048
"psymetadata::barroso2021::barroso2021","psymetadata",-0.027006564,0.083333333,"1",2017,2,2,664,2,12.000000048
"psymetadata::barroso2021::barroso2021","psymetadata",-0.370009475,0.083333333,"1",2017,2,2,665,2,12.000000048
"psymetadata::barroso2021::barroso2021","psymetadata",0.284429817,0.1,"1",2017,2,2,666,2,10
"psymetadata::barroso2021::barroso2021","psymetadata",0.177851799,0.1,"1",2017,2,2,667,2,10
"psymetadata::barroso2021::barroso2021","psymetadata",-0.019002287,0.1,"1",2017,2,2,668,2,10
"psymetadata::barroso2021::barroso2021","psymetadata",-0.0852056,0.1,"1",2017,2,2,669,2,10
"psymetadata::barroso2021::barroso2021","psymetadata",-0.115511019,0.1,"1",2017,2,2,670,2,10
"psymetadata::barroso2021::barroso2021","psymetadata",-0.121595763,0.1,"1",2017,2,2,671,2,10
"psymetadata::barroso2021::barroso2021","psymetadata",-0.145007898,0.1,"1",2017,2,2,672,2,10
"psymetadata::barroso2021::barroso2021","psymetadata",0.488468431,0.083333333,"2",2017,2,2,673,2,12.000000048
"psymetadata::barroso2021::barroso2021","psymetadata",0.44526613,0.083333333,"2",2017,2,2,674,2,12.000000048
"psymetadata::barroso2021::barroso2021","psymetadata",0.249022949,0.083333333,"2",2017,2,2,675,2,12.000000048
"psymetadata::barroso2021::barroso2021","psymetadata",-0.049039273,0.083333333,"2",2017,2,2,676,2,12.000000048
"psymetadata::barroso2021::barroso2021","psymetadata",-0.086212965,0.083333333,"2",2017,2,2,677,2,12.000000048
"psymetadata::barroso2021::barroso2021","psymetadata",-0.149095025,0.083333333,"2",2017,2,2,678,2,12.000000048
"psymetadata::barroso2021::barroso2021","psymetadata",-0.180949396,0.083333333,"2",2017,2,2,679,2,12.000000048
"psymetadata::barroso2021::barroso2021","psymetadata",-0.253280612,0.083333333,"2",2017,2,2,680,2,12.000000048
"psymetadata::barroso2021::barroso2021","psymetadata",-0.261823156,0.083333333,"2",2017,2,2,681,2,12.000000048
"psymetadata::barroso2021::barroso2021","psymetadata",-0.289853534,0.083333333,"2",2017,2,2,682,2,12.000000048
"psymetadata::barroso2021::barroso2021","psymetadata",-0.404743086,0.083333333,"2",2017,2,2,683,2,12.000000048
"psymetadata::barroso2021::barroso2021","psymetadata",-0.602745045,0.083333333,"2",2017,2,2,684,2,12.000000048
"psymetadata::barroso2021::barroso2021","psymetadata",-0.097305953,0.008,"2",2017,1,5,685,5,125
"psymetadata::barroso2021::barroso2021","psymetadata",-0.152163611,0.009174312,"2",2017,1,5,686,5,108.999999128
"psymetadata::barroso2021::barroso2021","psymetadata",-0.257547287,0.016949153,"2",2017,1,5,687,5,58.999998407
"psymetadata::barroso2021::barroso2021","psymetadata",-0.18715497,0.02,"2",2017,1,5,688,5,50
"psymetadata::barroso2021::barroso2021","psymetadata",-0.25008653,0.035714286,"2",2017,1,5,689,5,27.999999776
"psymetadata::barroso2021::barroso2021","psymetadata",-0.295293894,0.041666667,"2",2017,1,5,690,5,23.999999808
"psymetadata::barroso2021::barroso2021","psymetadata",-0.110446916,0.00099108,"2",2017,2,3,691,2,1009.00028252008
"psymetadata::barroso2021::barroso2021","psymetadata",-0.161386696,0.000993049,"2",2017,2,3,692,2,1006.99965459912
"psymetadata::barroso2021::barroso2021","psymetadata",-0.223656109,0.000993049,"2",2017,2,3,693,2,1006.99965459912
"psymetadata::barroso2021::barroso2021","psymetadata",-0.192337169,0.000994036,"2",2017,2,3,694,2,1005.99978270405
"psymetadata::barroso2021::barroso2021","psymetadata",-0.110446916,0.00099108,"2",2017,2,3,695,2,1009.00028252008
"psymetadata::barroso2021::barroso2021","psymetadata",-0.171666664,0.000993049,"2",2017,2,3,696,2,1006.99965459912
"psymetadata::barroso2021::barroso2021","psymetadata",-0.213171347,0.000993049,"2",2017,2,3,697,2,1006.99965459912
"psymetadata::barroso2021::barroso2021","psymetadata",-0.202732554,0.000994036,"2",2017,2,3,698,2,1005.99978270405
"psymetadata::barroso2021::barroso2021","psymetadata",-0.576339755,0.002739726,"2",2017,2,3,699,2,365.00000365
"psymetadata::barroso2021::barroso2021","psymetadata",-0.829114038,0.002739726,"2",2017,2,3,700,2,365.00000365
"psymetadata::barroso2021::barroso2021","psymetadata",-0.223656109,0.00098912,"2",2017,2,3,701,4,1010.9996764801
"psymetadata::barroso2021::barroso2021","psymetadata",-0.576339755,0.022727273,"2",2017,2,1,702,5,43.999999472
"psymetadata::barroso2021::barroso2021","psymetadata",-0.632833187,0.022727273,"2",2017,2,1,703,5,43.999999472
"psymetadata::barroso2021::barroso2021","psymetadata",-0.647522845,0.022727273,"2",2017,2,1,704,5,43.999999472
"psymetadata::barroso2021::barroso2021","psymetadata",-0.323867791,0.000193274,"2",2017,2,4,705,4,5174.00167637654
"psymetadata::barroso2021::barroso2021","psymetadata",-0.326086553,0.00021427,"2",2017,2,4,706,4,4667.00891398703
"psymetadata::barroso2021::barroso2021","psymetadata",-0.207946366,0.000198807,"2",2017,2,4,707,4,5030.00397370314
"psymetadata::barroso2021::barroso2021","psymetadata",-0.432010329,0.000180408,"2",2017,2,4,708,4,5542.99144162121
"psymetadata::barroso2021::barroso2021","psymetadata",-0.284429817,0.000165481,"2",2017,2,4,709,4,6042.98982964812
"psymetadata::barroso2021::barroso2021","psymetadata",-0.163439918,0.007462687,"2",2017,2,1,710,5,133.999992228
"psymetadata::barroso2021::barroso2021","psymetadata",-0.342828254,0.008474576,"2",2016,2,1,711,5,118.000003776
"psymetadata::barroso2021::barroso2021","psymetadata",-0.354092529,0.008474576,"2",2016,2,1,712,5,118.000003776
"psymetadata::barroso2021::barroso2021","psymetadata",-0.867300528,0.001689189,"2",2017,2,4,713,3,592.000066304007
"psymetadata::barroso2021::barroso2021","psymetadata",-0.140925576,0.00297619,"2",2016,2,1,714,6,336.000053760009
"psymetadata::barroso2021::barroso2021","psymetadata",-0.181982689,0.007462687,"2",2014,2,1,715,5,133.999992228
"psymetadata::barroso2021::barroso2021","psymetadata",-0.280102561,0.014925373,"2",2014,2,1,716,5,67.000000603
"psymetadata::barroso2021::barroso2021","psymetadata",-0.18715497,0.007462687,"2",2014,2,1,717,5,133.999992228
"psymetadata::barroso2021::barroso2021","psymetadata",-0.131757175,0.014925373,"2",2014,2,1,718,5,67.000000603
"psymetadata::barroso2021::barroso2021","psymetadata",-0.237359351,0.017241379,"2",2016,2,1,719,5,58.000001044
"psymetadata::barroso2021::barroso2021","psymetadata",-0.147050852,0.02,"2",2018,2,1,720,5,50
"psymetadata::barroso2021::barroso2021","psymetadata",-0.192337169,0.02,"2",2018,2,1,721,5,50
"psymetadata::barroso2021::barroso2021","psymetadata",-0.320545409,0.001003009,"2",2017,2,1,722,6,997.000026919001
"psymetadata::barroso2021::barroso2021","psymetadata",-0.266108407,0.001007049,"2",2017,2,1,723,6,993.000340599117
"psymetadata::barroso2021::barroso2021","psymetadata",-0.342828254,0.001003009,"2",2017,2,1,724,6,997.000026919001
"psymetadata::barroso2021::barroso2021","psymetadata",-0.276863823,0.001007049,"2",2017,2,1,725,6,993.000340599117
"psymetadata::barroso2021::barroso2021","psymetadata",-0.354092529,0.001003009,"2",2017,2,1,726,6,997.000026919001
"psymetadata::barroso2021::barroso2021","psymetadata",-0.255412812,0.001007049,"2",2017,2,1,727,6,993.000340599117
"psymetadata::barroso2021::barroso2021","psymetadata",-0.067100525,0.002949853,"2",2016,2,1,728,5,338.999943387009
"psymetadata::barroso2021::barroso2021","psymetadata",-0.148072785,0.002949853,"2",2016,2,1,729,5,338.999943387009
"psymetadata::barroso2021::barroso2021","psymetadata",-0.142966145,0.002923977,"2",2016,2,1,730,5,341.999954172006
"psymetadata::barroso2021::barroso2021","psymetadata",-0.008000171,0.00877193,"2",2017,2,1,731,5,113.99999772
"psymetadata::barroso2021::barroso2021","psymetadata",-0.298566264,0.008264463,"2",2017,2,1,732,5,120.999997217
"psymetadata::barroso2021::barroso2021","psymetadata",0.115511019,0.00617284,"2",2017,2,1,733,5,161.999987040001
"psymetadata::barroso2021::barroso2021","psymetadata",0.099325348,0.006289308,"2",2017,2,1,734,5,159.000004452
"psymetadata::barroso2021::barroso2021","psymetadata",-0.087220503,0.004032258,"2",2017,2,1,735,5,248.000003968
"psymetadata::barroso2021::barroso2021","psymetadata",-0.053049709,0.002898551,"2",2017,2,1,736,5,344.999967225003
"psymetadata::barroso2021::barroso2021","psymetadata",-0.174757577,0.002906977,"2",2017,2,1,737,5,343.999969728003
"psymetadata::barroso2021::barroso2021","psymetadata",-0.171666664,0.004405286,"2",2018,2,1,738,5,227.000017706001
"psymetadata::barroso2021::barroso2021","psymetadata",-0.365443754,0.004405286,"2",2018,2,1,739,5,227.000017706001
"psymetadata::barroso2021::barroso2021","psymetadata",-0.060072156,0.003861004,"2",2013,2,3,740,5,258.999990676
"psymetadata::barroso2021::barroso2021","psymetadata",-0.298566264,0.010752688,"2",2014,2,3,741,5,93.000001488
"psymetadata::barroso2021::barroso2021","psymetadata",-0.13073985,0.003861004,"2",2013,2,3,742,5,258.999990676
"psymetadata::barroso2021::barroso2021","psymetadata",-0.40005965,0.010752688,"2",2014,2,3,743,5,93.000001488
"psymetadata::barroso2021::barroso2021","psymetadata",-0.13073985,0.003861004,"2",2013,2,3,744,5,258.999990676
"psymetadata::barroso2021::barroso2021","psymetadata",-0.266108407,0.010752688,"2",2014,2,3,745,5,93.000001488
"psymetadata::barroso2021::barroso2021","psymetadata",-0.110446916,0.004098361,"2",2013,2,3,746,5,243.999979504002
"psymetadata::barroso2021::barroso2021","psymetadata",-0.298566264,0.017241379,"2",2014,2,3,747,5,58.000001044
